Year,Field,Distance,Plant,VegMass,SeedMass,Branch,Pods,Missing,SeedCount,PodCount1,PodMass1,PodCount2,PodMass2,PodCount3,PodMass3,PodCount4,PodMass4,PodCount5,PodMass5
2014,16,5,1,34.7694,6.4206,5,303,41,NA,18,0.0388,16,0.0499,12,0.0421,12,0.023,16,0.0595
2014,16,5,2,24.3946,7.2754,5,176,48,NA,21,0.067,27,0.0405,12,0.0205,19,0.0677,26,0.0857
2014,16,5,5,31.4648,11.4952,8,266,44,NA,23,0.0631,18,0.0422,24,0.0736,21,0.0438,16,0.0298
2014,16,20,1,5.7207,1.9093,2,58,32,NA,26,0.037,18,0.0195,30,0.0526,25,0.035,23,0.082
2014,16,20,3,15.5009,6.7491,4,133,44,NA,23,0.0837,18,0.041,23,0.049,27,0.0394,22,0.0464
2014,16,20,5,6.2665,0.9935,2,48,12,NA,22,0.0348,21,0.0271,13,0.012,18,0.0217,24,0.0462
2014,16,100,1,22.1624,8.3676,5,165,24,NA,18,0.077,26,0.0805,19,0.0721,25,0.0878,28,0.0743
2014,16,100,2,22.0313,8.6087,6,156,66,NA,19,0.056,29,0.0923,24,0.0807,24,0.0661,20,0.0683
2014,16,100,4,9.3022,3.6778,4,83,38,NA,21,0.0658,25,0.0825,17,0.045,21,0.0533,24,0.0552
2014,16,500,1,6.9471,2.6729,2,61,22,NA,20,0.045,22,0.046,21,0.0391,22,0.0611,24,0.0626
2014,16,500,3,6.1623,1.3277,3,45,15,NA,28,0.0282,27,0.0644,26,0.0708,20,0.0561,28,0.0834
2014,16,500,4,26.8752,5.7748,7,184,66,NA,23,0.0675,21,0.0434,27,0.0521,28,0.0652,26,0.0522
2014,12,5,1,27.0516,9.4784,6,193,26,NA,23,0.073,23,0.0846,31,0.059,30,0.0335,27,0.0887
2014,12,5,2,11.5907,2.8493,4,93,33,NA,20,0.0495,17,0.0112,20,0.0141,18,0.0168,28,0.0683
2014,12,5,5,18.3474,4.9626,6,142,46,NA,12,0.0153,26,0.0618,18,0.0155,29,0.077,24,0.0517
2014,12,20,1,16.0005,4.7595,6,153,16,NA,31,0.0476,21,0.0332,20,0.0478,5,0.0144,19,0.0739
2014,12,20,3,29.4812,10.4388,7,219,28,NA,19,0.0308,26,0.0516,27,0.0568,8,0.013,26,0.091
2014,12,20,4,11.0524,3.2776,4,103,23,NA,25,0.0271,24,0.0454,24,0.0379,25,0.0453,19,0.0295
2014,12,100,1,9.0639,2.2361,4,90,32,NA,15,0.0336,18,0.0222,11,0.0147,21,0.0417,25,0.04
2014,12,100,4,11.2733,3.4067,4,88,18,NA,24,0.0293,24,0.0654,21,0.0456,24,0.0672,25,0.0588
2014,12,100,5,9.019,3.101,6,85,17,NA,23,0.0459,18,0.0341,23,0.0501,19,0.0387,13,0.0315
2014,12,500,1,0.8483,0.1717,0,19,2,NA,4,0.0056,9,0.0124,7,0.0098,9,0.018,10,0.0128
2014,12,500,3,5.9755,1.4345,2,75,27,NA,19,0.034,10,0.0073,22,0.0447,15,0.0355,15,0.0273
2014,12,500,5,3.1729,0.8371,2,34,11,NA,18,0.0436,16,0.0301,17,0.028,18,0.0365,14,0.0256
2014,9,5,2,1.4817,0.3183,1,12,7,NA,13,0.0161,17,0.0232,20,0.0294,NA,NA,NA,NA
2014,9,5,3,NA,NA,3,52,25,NA,33,0.0675,23,0.0488,18,0.0318,22,0.0412,24,0.0448
2014,9,5,4,9.4661,3.0039,4,88,46,NA,7,0.0235,24,0.0457,21,0.0385,22,0.0369,27,0.0503
2014,9,20,2,4.0985,0.8815,3,34,13,NA,24,0.0549,8,0.0124,13,0.0143,10,0.0105,16,0.0158
2014,9,20,3,6.2849,2.1051,2,49,24,NA,25,0.0488,22,0.0419,16,0.0122,27,0.0567,28,0.0715
2014,9,20,5,3.0848,0.8352,1,28,4,NA,29,0.0351,17,0.0172,17,0.0147,26,0.0425,29,0.0438
2014,9,100,2,14.2762,3.7238,5,115,38,NA,17,0.017,28,0.0312,28,0.0801,26,0.0176,28,0.0628
2014,9,100,3,18.1225,6.1775,3,171,47,NA,25,0.0431,18,0.0271,22,0.0357,28,0.0612,25,0.0195
2014,9,100,5,5.5032,1.1768,1,51,32,NA,6,0.0115,25,0.0489,20,0.0371,26,0.0473,30,0.046
2014,9,500,1,15.451,5.509,5,136,22,NA,17,0.0316,21,0.0449,24,0.0351,17,0.0271,23,0.051
2014,9,500,2,7.94,1.44,1,68,11,NA,11,0.0139,23,0.0398,31,0.0533,20,0.0315,26,0.0539
2014,9,500,4,4.099,0.441,2,45,14,NA,8,0.0058,5,0.002,14,0.0197,6,0.005,17,0.0234
2014,31,1,1,38.1426,14.7574,7,384,91,8048,13,0.027,31,0.0487,22,0.0488,19,0.0343,9,0.0143
2014,31,1,2,23.2859,12.9141,7,229,45,4926,28,0.0401,29,0.0897,26,0.0897,26,0.056,21,0.034
2014,31,1,3,23.9901,8.5099,7,228,92,4499,29,0.0362,37,0.0861,27,0.0376,30,0.0435,22,0.0224
2014,31,1,4,14.0752,8.4248,4,169,52,3281,29,0.0909,31,0.0813,38,0.0995,36,0.074,26,0.0334
2014,31,1,5,18.9071,5.1929,8,149,122,3119,46,0.038,30,0.0568,28,0.0645,23,0.0117,15,0.015
2014,31,5,1,10.2702,5.5298,5,110,82,2324,27,0.0458,28,0.0697,24,0.0716,35,0.0632,21,0.0248
2014,31,5,2,14.6884,8.1116,5,144,59,3135,29,0.0716,28,0.0686,24,0.0575,29,0.0783,12,0.0238
2014,31,5,3,11.1836,3.7164,4,97,67,1553,19,0.0645,2,0.0235,20,0.0384,8,0.005,21,0.029
2014,31,5,4,17.1216,9.2784,6,155,61,3421,15,0.0492,13,0.0491,24,0.0439,26,0.0574,32,0.0336
2014,31,5,5,2.9838,5.0162,2,88,5,1832,13,0.0568,21,0.0889,27,0.0865,17,0.0608,24,0.0373
2014,31,20,1,6.6508,4.1492,5,82,45,1543,23,0.1027,27,0.0682,20,0.0841,11,0.0144,3,0.0089
2014,31,20,2,21.3302,11.5698,6,244,66,4660,24,0.0605,23,0.0333,19,0.0912,25,0.0401,27,0.0398
2014,31,20,3,6.2783,4.4217,4,77,24,1280,14,0.0379,26,0.0922,17,0.057,19,0.0785,19,0.0855
2014,31,20,4,17.0737,7.1263,7,176,82,3071,11,0.0317,27,0.071,17,0.0286,25,0.0637,20,0.0559
2014,31,20,5,13.8185,4.8815,4,119,80,1751,35,0.12,34,0.01705,26,0.0311,17,0.0132,24,0.0339
2014,31,100,1,12.5156,6.4844,3,138,24,1930,7,0.0222,22,0.0352,17,0.034,31,0.084,32,0.0864
2014,31,100,2,38.6365,20.0635,6,399,77,7531,27,0.0887,29,0.063,35,0.113,32,0.0699,22,0.0546
2014,31,100,3,10.0493,3.6507,5,115,44,1946,24,0.0582,27,0.05,28,0.0378,25,0.0367,33,0.0475
2014,31,100,4,7.9655,3.8345,4,80,23,1713,NA,NA,NA,NA,NA,NA,NA,NA,NA,NA
2014,31,100,5,3.5259,2.1741,2,41,9,868,26,0.0515,28,0.0771,7,0.0121,16,0.0279,31,0.0872
2014,31,500,1,19.3051,8.9949,6,214,74,4015,29,0.0473,23,0.0288,26,0.0262,21,0.0826,16,0.0333
2014,31,500,2,9.9418,4.2582,5,121,53,1958,26,0.096,23,0.0872,11,0.0484,29,0.0925,26,0.0403
2014,31,500,3,2.6343,4.9657,2,63,13,1248,20,0.0363,21,0.0352,18,0.0404,14,0.0306,22,0.0568
2014,31,500,4,28.3824,8.7176,7,300,146,4507,26,0.039,16,0.0366,22,0.043,8,0.006,22,0.0325
2014,31,500,5,6.4094,1.8906,4,68,36,846,18,0.0398,29,0.0867,38,0.0651,34,0.1079,16,0.0211
2014,24,5,3,9.9058,6.0942,4,88,23,NA,27,0.0983,30,0.1114,26,0.0837,32,0.1073,35,0.1137
2014,24,5,4,18.7254,7.7246,5,135,37,NA,30,0.0977,23,0.0507,32,0.0866,17,0.0555,22,0.0608
2014,24,5,5,12.5558,5.5342,4,94,29,NA,23,0.1028,16,0.0304,21,0.0962,27,0.1196,26,0.1148
2014,24,20,3,23.9492,7.2408,6,244,84,NA,19,0.0172,20,0.0269,26,0.0523,23,0.0364,26,0.0513
2014,24,20,4,20.9357,5.6943,4,185,67,NA,27,0.0431,19,0.0365,26,0.0276,27,0.0365,23,0.0306
2014,24,20,5,48.6275,15.3025,7,446,99,NA,35,0.0643,23,0.041,36,0.0649,32,0.0572,32,0.0621
2014,24,100,2,10.3928,5.3572,3,115,54,NA,26,0.0816,12,0.0369,33,0.0826,23,0.0545,28,0.0662
2014,24,100,4,23.8409,11.1691,5,218,75,NA,30,0.0729,26,0.0524,33,0.0741,26,0.0633,29,0.0773
2014,24,100,5,22.5771,10.1729,4,190,91,NA,33,0.1277,13,0.0331,24,0.1069,31,0.1189,34,0.1287
2014,24,500,1,30.6448,14.4952,6,283,139,NA,19,0.0444,23,0.0972,24,0.0515,30,0.0769,26,0.0718
2014,24,500,4,15.4438,6.6662,5,147,54,NA,23,0.0438,21,0.0518,25,0.0587,27,0.0642,28,0.0695
2014,24,500,5,19.9371,9.8529,5,239,79,NA,7,0.0191,16,0.034,18,0.0378,18,0.0633,24,0.084
2014,20,5,1,4.3249,2.4151,3,50,2,NA,15,0.0027,4,0.0171,14,0.0282,19,0.0531,14,0.0424
2014,20,5,4,3.5014,1.0286,0,25,3,NA,16,0.064,30,0.1267,20,0.0566,14,0.0689,4,0.0261
2014,20,5,5,8.6093,2.0407,3,67,52,NA,21,0.0293,18,0.0167,30,0.0777,20,0.036,23,0.0428
2014,20,20,1,6.7786,2.3914,3,71,30,NA,17,0.0367,14,0.0203,25,0.0719,22,0.0377,27,0.0503
2014,20,20,4,27.3823,10.1977,5,232,54,NA,22,0.0391,26,0.0333,30,0.0586,31,0.0768,29,0.0429
2014,20,20,5,30.3591,12.9509,6,253,64,NA,26,0.0386,29,0.0499,25,0.0437,33,0.0641,30,0.0527
2014,20,100,2,4.3127,1.3673,3,31,13,NA,35,0.0721,29,0.0721,28,0.0696,31,0.0942,30,0.0807
2014,20,100,3,6.0834,0.4066,2,31,10,NA,18,0.0248,15,0.0457,14,0.0308,12,0.0202,19,0.0462
2014,20,100,5,10.075,3.985,2,57,31,NA,35,0.1708,16,0.0624,21,0.059,29,0.0806,34,0.1621
2014,20,500,1,9.8405,4.6795,3,90,39,NA,14,0.0362,15,0.0409,25,0.0702,25,0.0802,25,0.0755
2014,20,500,2,19.7594,5.6106,4,147,22,NA,17,0.0359,17,0.0323,21,0.0649,18,0.0504,22,0.0749
2014,20,500,5,13.6978,6.4422,4,128,55,NA,29,0.0612,19,0.0394,25,0.0558,29,0.0702,28,0.0698
2014,21,5,2,7.6534,1.6666,1,43,16,NA,27,0.0765,27,0.0957,10,0.0078,29,0.0988,22,0.0626
2014,21,5,3,20.8898,1.8902,7,99,109,NA,11,0.0109,20,0.0569,17,0.0225,21,0.033,24,0.0406
2014,21,5,5,4.7173,1.0127,1,18,12,NA,20,0.0787,20,0.0546,25,0.1499,20,0.0934,27,0.1273
2014,21,20,2,19.9044,1.5056,4,88,96,NA,17,0.0175,21,0.0591,20,0.1002,19,0.0322,25,0.0435
2014,21,20,3,17.9365,3.9335,5,90,65,NA,12,0.0355,17,0.088,28,0.0867,27,0.0767,33,0.1442
2014,21,20,5,13.5032,1.9968,3,66,64,NA,25,0.0301,24,0.0394,26,0.0811,29,0.0676,24,0.0509
2014,21,100,1,13.7752,0.1448,3,61,44,NA,17,0.0075,14,0.0062,21,0.01,20,0.021,20,0.0242
2014,21,100,2,9.0816,3.0284,3,45,28,NA,18,0.0967,28,0.1189,28,0.1211,23,0.127,30,0.01257
2014,21,100,3,10.6304,0.8696,5,38,94,NA,18,0.0092,12,0.0129,20,0.0499,23,0.098,22,0.0201
2014,21,500,1,16.7002,3.1698,3,84,89,NA,33,0.1524,24,0.0552,31,0.0581,28,0.0761,28,0.0857
2014,21,500,2,18.2084,1.9016,3,87,75,NA,34,0.0577,36,0.0613,12,0.0629,23,0.0338,15,0.0514
2014,21,500,4,13.4885,4.1015,5,76,60,NA,18,0.0782,31,0.1141,3,0.018,26,0.0882,19,0.0847
2014,4,5,1,19.7464,5.4436,5,131,44,NA,26,0.0882,29,0.091,16,0.0336,9,0.0142,9,0.0197
2014,4,5,2,9.7626,3.7174,2,62,19,NA,30,0.1159,24,0.0585,22,0.0888,28,0.1125,17,0.0571
2014,4,5,3,9.8769,3.1531,3,88,10,NA,21,0.0459,23,0.0644,16,0.0316,14,0.0302,16,0.0372
2014,4,20,2,16.2939,4.2261,6,129,42,NA,22,0.0847,8,0.0035,25,0.0268,22,0.0524,23,0.0422
2014,4,20,3,14.1909,5.1091,6,114,37,NA,21,0.036,22,0.0594,25,0.0755,19,0.0364,13,0.0585
2014,4,20,4,3.1075,0.1725,3,17,5,NA,23,0.0215,24,0.0238,22,0.0175,23,0.0165,23,0.0291
2014,4,100,1,6.0119,2.2281,2,51,20,NA,12,0.0232,26,0.0935,24,0.0721,24,0.0576,24,0.0673
2014,4,100,3,14.4314,5.5986,4,110,21,NA,25,0.062,24,0.1098,27,0.0644,29,0.075,26,0.0727
2014,4,100,4,15.8327,6.7473,6,158,59,NA,23,0.084,19,0.0349,20,0.0364,18,0.0541,5,0.006
2014,4,500,1,4.031,0.969,4,30,14,NA,17,0.0141,8,0.0073,18,0.0641,21,0.0414,23,0.054
2014,4,500,4,10.6731,3.1469,3,59,14,NA,21,0.1052,21,0.0572,26,0.0979,21,0.1165,18,0.0633
2014,4,500,5,15.0454,4.1646,5,145,53,NA,23,0.0755,10,0.0303,17,0.0245,6,0.0154,21,0.0312
2014,2,1,2,18.0054,9.5246,7,104,60,NA,24,0.112,21,0.0958,23,0.1151,22,0.0997,23,0.1151
2014,2,1,3,28.688,14.892,8,224,81,NA,24,0.1111,27,0.1083,27,0.1289,25,0.0672,28,0.073
2014,2,1,4,54.722,23.898,9,331,175,7713,32,0.1129,25,0.0769,24,0.0861,27,0.0799,11,0.0279
2014,2,5,3,12.5055,4.6645,5,118,67,1560,20,0.0715,11,0.0358,14,0.0288,8,0.0159,12,0.0312
2014,2,5,4,5.592,3.098,1,47,5,NA,25,0.0954,24,0.0753,21,0.0789,20,0.0652,19,0.0819
2014,2,5,5,25.1584,13.3916,8,184,53,NA,13,0.058,26,0.1168,19,0.0586,35,0.1418,29,0.0965
2014,2,20,3,9.1479,4.7221,2,65,28,1535,25,0.0616,32,0.1282,9,0.0441,17,0.0442,29,0.1002
2014,2,20,4,17.3998,7.0502,5,98,68,2201,32,0.0733,24,0.0701,35,0.0953,27,0.0657,23,0.1083
2014,2,20,5,14.6322,5.7478,5,133,74,NA,15,0.0429,25,0.0747,14,0.0292,24,0.0807,23,0.0509
2014,2,100,1,16.7889,6.1811,5,93,95,NA,31,0.0995,27,0.1026,26,0.1109,26,0.1072,29,0.0994
2014,2,100,2,10.1705,4.5495,3,62,27,NA,25,0.1019,20,0.0755,24,0.0996,20,0.0695,24,0.1086
2014,2,100,3,22.0832,8.2068,6,111,87,NA,27,0.0907,31,0.1341,25,0.0764,26,0.0706,29,0.0777
2014,2,500,1,14.6678,4.1922,5,103,46,1471,18,0.026,10,0.0137,23,0.0748,10,0.0133,17,0.0579
2014,2,500,4,40.8256,12.7344,5,219,115,4027,25,0.067,12,0.0454,18,0.0322,18,0.0353,24,0.0641
2014,2,500,5,10.8803,2.7897,4,49,41,880,24,0.0429,21,0.079,27,0.0718,21,0.1269,27,0.137
2014,7,1,1,7.5534,2.3166,4,58,28,957,30,0.0962,27,0.0912,29,0.0617,25,0.0548,12,0.0353
2014,7,1,2,10.5104,3.9096,3,75,8,280,22,0.1072,20,0.059,23,0.0733,16,0.0369,26,0.0795
2014,7,1,3,8.7964,2.0236,6,48,21,648,32,0.1165,32,0.1073,27,0.0885,6,0.0259,22,0.0683
2014,7,1,4,4.1706,1.1594,4,22,31,1250,17,0.083,10,0.0578,19,0.0582,16,0.0502,16,0.0755
2014,7,1,5,7.6078,0.7722,3,36,48,204,9,0.0285,8,0.0484,7,0.0274,12,0.0578,9,0.0284
2014,7,5,1,NA,2.5903,NA,NA,NA,917,28,0.0496,21,0.0542,27,0.1439,6,0.0057,20,0.1153
2014,7,5,2,8.8066,3.2834,3,73,4,914,30,0.1213,19,0.0857,23,0.0909,27,0.1029,20,0.0828
2014,7,5,3,7.2057,3.6743,3,55,NA,1270,42,0.1459,30,0.0815,31,0.0962,26,0.0648,32,0.1099
2014,7,5,4,6.1982,3.3818,4,41,27,754,32,0.1808,33,0.1101,8,0.0366,32,0.1515,16,0.0326
2014,7,5,5,7.3629,0.3271,4,20,26,210,17,0.0247,17,0.0171,13,0.0151,0,0,NA,NA
2014,7,20,1,4.0813,1.6887,4,32,9,487,26,0.0718,8,0.0351,32,0.1057,16,0.0455,34,0.1132
2014,7,20,2,6.0662,3.0838,4,61,9,1002,28,0.0929,28,0.1118,25,0.0587,28,0.0637,27,0.0729
2014,7,20,3,7.3206,2.5594,5,57,11,887,29,NA,27,0.0919,12,0.0286,27,0.0844,10,0.0406
2014,7,20,4,6.3983,2.3617,4,55,24,729,19,0.0574,8,0.0336,28,0.085,26,0.0686,8,0.0346
2014,7,20,5,5.5056,1.8144,3,25,24,438,20,0.0835,27,0.1099,20,0.0863,14,0.0736,19,0.0804
2014,7,100,1,6.2219,2.2581,4,64,16,771,19,0.0462,17,0.0446,27,0.0958,4,0.005,17,0.0552
2014,7,100,2,2.7354,1.1246,1,22,1,505,7,0.0123,27,0.059,26,0.0626,14,0.0325,31,0.0753
2014,7,100,3,5.9793,1.8607,5,38,39,416,27,0.116,24,0.1065,11,0.0498,14,0.0677,13,0.0427
2014,7,100,4,6.8714,1.8486,4,43,7,478,14,0.0651,13,0.0384,12,0.0634,15,0.0548,14,0.0612
2014,7,100,5,8.5334,1.8266,3,41,6,535,25,0.0737,8,0.035,25,0.1009,23,0.0722,18,0.0602
2014,7,500,1,21.5484,7.8216,4,125,47,2085,32,0.0882,19,0.0396,16,0.0302,21,0.1279,19,0.047
2014,7,500,2,19.447,9.143,6,140,30,2121,30,0.1756,21,0.1115,26,0.1283,20,0.053,18,0.0635
2014,7,500,3,21.0992,8.7808,4,122,28,2002,22,0.1211,27,0.1332,26,0.1428,9,0.0575,16,0.0806
2014,7,500,4,3.4887,1.2113,1,18,5,335,26,0.0791,19,0.0621,21,0.0864,17,0.067,28,0.1014
2014,7,500,5,9.643,2.137,4,57,25,705,31,0.1009,22,0.0833,18,0.0251,16,0.0201,15,0.0348
2014,10,5,1,14.2519,6.2481,4,136,48,NA,32,0.0995,2,0.0026,23,0.0917,6,0.0237,20,0.0619
2014,10,5,2,4.8167,0.9833,2,33,33,NA,13,0.0388,13,0.0371,13,0.0332,12,0.0336,12,0.0314
2014,10,5,4,7.3844,3.3756,3,65,12,NA,30,0.1145,14,0.036,15,0.0413,7,0.0049,11,0.0278
2014,10,20,1,11.959,3.951,3,102,49,NA,23,0.0604,17,0.0484,2,0.0116,9,0.0379,4,0.0184
2014,10,20,2,6.6933,3.2967,2,59,45,NA,16,0.0459,15,0.038,9,0.028,14,0.0439,30,0.1001
2014,10,20,5,14.0177,6.0523,4,127,57,NA,7,0.0152,10,0.0265,27,0.075,28,0.1091,15,0.0532
2014,10,100,1,31.6707,15.7893,6,264,77,NA,28,0.0881,25,0.1163,26,0.0982,21,0.0711,31,0.157
2014,10,100,2,41.9772,19.4828,9,381,95,NA,31,0.0974,28,0.0812,27,0.0594,10,0.0268,27,0.0711
2014,10,100,4,14.0806,7.1894,4,109,49,NA,21,0.0865,31,0.1125,34,0.1333,25,0.0631,25,0.0963
2014,10,500,3,4.5865,1.5335,2,38,20,NA,28,0.052,29,0.0746,26,0.0631,27,0.0588,29,0.0781
2014,10,500,4,21.2502,8.7998,5,211,101,NA,26,0.0418,18,0.0286,18,0.0335,30,0.0721,32,0.0709
2014,10,500,5,10.5322,4.3978,4,125,70,NA,21,0.0541,14,0.0308,26,0.07,22,0.0388,23,0.0518
2014,11,5,1,35.2084,18.5216,4,288,86,NA,26,0.0747,21,0.0926,32,0.0964,27,0.0995,24,0.0596
2014,11,5,4,19.1568,9.7432,7,189,114,NA,27,0.0743,22,0.0484,8,0.0309,36,0.0888,28,0.0764
2014,11,5,5,27.7559,12.0041,6,273,75,NA,18,0.0383,29,0.0695,22,0.0805,12,0.0471,25,0.0916
2014,11,20,2,5.7174,1.7426,3,68,42,NA,12,0.0313,14,0.0351,12,0.0324,16,0.0485,23,0.0603
2014,11,20,3,20.9335,9.6665,7,190,74,NA,33,0.1049,33,0.0961,32,0.1088,31,0.0911,31,0.0845
2014,11,20,4,2.9595,0.3705,1,16,19,NA,20,0.0287,27,0.0472,15,0.0284,25,0.0457,9,0.014
2014,11,100,2,2.1842,0.9558,0,19,1,NA,27,0.0726,24,0.0725,29,0.0714,24,0.056,17,0.0454
2014,11,100,4,11.5812,4.9088,5,98,34,NA,29,0.0834,20,0.0794,15,0.0537,33,0.1131,28,0.0811
2014,11,100,5,12.6402,4.7798,5,102,28,NA,25,0.086,23,0.0554,12,0.0353,30,0.077,29,0.0772
2014,11,500,1,12.7901,5.1299,3,115,72,NA,11,0.052,11,0.0422,18,0.0574,16,0.0421,17,0.0484
2014,11,500,3,30.6029,13.4471,4,265,108,NA,26,0.123,21,0.0947,31,0.0999,24,0.0756,18,0.0556
2014,11,500,5,3.3353,1.4947,0,23,3,NA,25,0.091,29,0.1049,30,0.1025,8,0.0376,31,0.115
2014,5,5,1,3.7067,0.4133,2,37,8,NA,23,0.0174,13,0.0115,22,0.0178,23,0.0134,14,0.0214
2014,5,5,3,3.2654,0.9746,4,25,17,NA,36,0.0886,28,0.0474,32,0.0691,12,0.0425,11,0.0427
2014,5,5,4,2.8917,1.0783,3,33,12,NA,17,0.0505,13,0.0412,27,0.0575,13,0.0339,9,0.0212
2014,5,20,1,5.0606,2.3794,4,45,17,NA,34,0.0894,23,0.0586,31,0.0614,17,0.0426,23,0.0756
2014,5,20,4,4.9328,2.5672,4,46,15,NA,20,0.0949,25,0.0738,11,0.033,21,0.0956,28,0.1088
2014,5,20,5,10.6873,4.8127,6,83,13,NA,30,0.0761,32,0.0869,18,0.0522,27,0.0787,33,0.0888
2014,5,100,1,8.266,3.784,3,77,5,NA,20,0.052,24,0.0793,23,0.0633,19,0.0831,24,0.0586
2014,5,100,2,6.8365,2.8835,3,55,17,NA,31,0.0905,18,0.033,28,0.0927,29,0.0865,29,0.0741
2014,5,100,4,6.5317,2.2583,3,61,43,NA,20,0.0396,29,0.0629,24,0.0523,26,0.065,23,0.056
2014,5,500,1,6.9369,2.3231,2,40,17,NA,22,0.1264,7,0.0326,30,0.1655,29,0.0832,13,0.0812
2014,5,500,2,15.8208,3.2892,3,91,53,NA,30,0.0562,27,0.098,29,0.0605,26,0.0818,32,0.0962
2014,5,500,4,20.9312,8.7288,4,145,88,NA,29,0.0815,32,0.0936,26,0.1208,33,0.0762,25,0.0868
2014,19,5,1,10.4418,5.5882,3,116,25,NA,31,0.0914,20,0.0232,27,0.0711,29,0.06,29,0.1027
2014,19,5,3,6.1199,2.7401,2,64,17,NA,21,0.0414,28,0.0645,5,0.0154,32,0.0721,21,0.0472
2014,19,5,4,12.1744,6.2056,4,122,56,NA,13,0.0294,25,0.0933,29,0.0976,22,0.0593,29,0.0538
2014,19,20,1,10.0236,3.2864,3,99,37,NA,24,0.0611,17,0.051,20,0.0176,28,0.0776,30,0.0729
2014,19,20,2,17.905,3.355,6,129,52,NA,10,0.0363,28,0.0381,26,0.047,26,0.0151,26,0.0173
2014,19,20,5,30.1269,10.4031,5,259,61,NA,3,0.0135,30,0.0882,29,0.0497,28,0.0805,25,0.0611
2014,19,100,2,3.4195,0.5105,2,30,20,NA,19,0.0213,11,0.0199,22,0.0537,21,0.0483,21,0.0567
2014,19,100,3,15.5318,5.5282,4,142,59,NA,22,0.0575,14,0.0222,12,0.0415,18,0.0386,19,0.0265
2014,19,100,5,11.7418,4.3282,4,119,38,NA,20,0.0629,16,0.0373,13,0.0457,24,0.0846,19,0.0682
2014,19,500,2,25.8299,5.0001,5,211,113,NA,30,0.0656,28,0.0765,20,0.0605,25,0.0198,29,0.0323
2014,19,500,4,23.0585,9.4715,4,196,51,NA,29,0.0716,21,0.0371,27,0.0656,24,0.0432,26,0.0659
2014,19,500,5,16.1142,6.6858,4,156,50,NA,23,0.0581,19,0.0769,12,0.0211,10,0.0277,23,0.0939
2014,6,5,1,4.0016,1.4884,2,38,10,NA,26,0.065,24,0.0682,21,0.0374,22,0.0313,23,0.0397
2014,6,5,2,8.3057,3.8043,3,82,7,NA,14,0.0424,24,0.0792,27,0.0496,23,0.0628,21,0.0408
2014,6,5,3,2.2215,0.8985,3,24,14,NA,6,0.0133,22,0.0497,6,0.0133,23,0.0472,23,0.0783
2014,6,20,1,33.5717,13.5683,7,299,24,NA,31,0.1377,25,0.0654,27,0.0492,22,0.0433,30,0.1181
2014,6,20,4,18.4488,8.4612,4,171,21,NA,4,0.0096,24,0.0627,28,0.0535,27,0.0607,29,0.1039
2014,6,20,5,11.7085,5.5715,4,89,13,NA,32,0.0759,25,0.0457,17,0.0657,29,0.0806,36,0.1376
2014,6,100,1,4.6704,0.9796,2,37,14,NA,9,0.0074,10,0.0214,10,0.017,20,0.0381,26,0.0581
2014,6,100,2,3.554,1.426,2,34,11,NA,22,0.0502,21,0.0503,14,0.0333,16,0.0362,28,0.0703
2014,6,100,5,3.749,1.941,2,62,-11,NA,15,0.0401,16,0.0529,13,0.0329,19,0.0596,17,0.0683
2014,6,500,2,2.4245,0.6055,0,20,-1,NA,19,0.0333,19,0.0444,17,0.0313,13,0.0181,18,0.0347
2014,6,500,4,6.8599,2.4001,5,79,16,NA,20,0.0454,18,0.0449,11,0.0266,24,0.0635,20,0.0523
2014,6,500,5,21.6311,6.6089,5,174,32,NA,23,0.0495,20,0.0436,30,0.0789,17,0.0565,24,0.1027
2014,17,5,3,4.9061,1.9739,3,47,28,NA,9,0.0214,28,0.0817,20,0.0486,20,0.0526,14,0.0349
2014,17,5,4,14.018,6.432,5,144,21,NA,24,0.0604,27,0.0556,14,0.0267,16,0.0342,21,0.0437
2014,17,5,5,30.6461,0.6439,4,368,228,NA,3,0.0049,5,0.0065,7,0.0112,6,0.0071,2,0.0027
2014,17,20,1,21.8767,9.2033,5,184,54,NA,23,0.0512,24,0.0515,24,0.0555,25,0.0918,29,0.0893
2014,17,20,2,4.1564,1.1636,3,40,16,NA,24,0.0435,17,0.0346,21,0.0462,20,0.0483,14,0.0177
2014,17,20,3,5.5739,1.5761,2,47,5,NA,22,0.0302,12,0.0439,27,0.0557,22,0.0472,21,0.0386
2014,17,100,2,10.5609,4.4991,3,99,8,NA,18,0.0428,29,0.0984,17,0.0277,28,0.0698,29,0.0657
2014,17,100,3,2.4098,0.8202,2,22,15,NA,17,0.0273,16,0.0245,18,0.028,6,0.0109,23,0.0402
2014,17,100,4,12.1798,3.8402,4,107,27,NA,5,0.0136,16,0.0233,24,0.0676,12,0.0241,20,0.0337
2014,17,500,2,23.41,8.36,6,236,46,NA,23,0.0442,13,0.0274,24,0.0453,27,0.0394,31,0.0642
2014,17,500,4,19.9895,5.4105,5,176,29,NA,5,0.0035,5,0.0079,24,0.0395,8,0.0156,26,0.0774
2014,17,500,5,2.3583,0.0117,3,6,12,NA,2,0.0003,13,0.004,7,0.0037,1,0.0007,8,0.0033
2014,1,5,1,10.0243,2.8057,4,81,19,NA,25,0.051,20,0.0348,29,0.0427,28,0.071,21,0.0326
2014,1,5,4,8.838,3.362,4,59,10,NA,26,0.0529,15,0.0202,25,0.0442,26,0.0542,30,0.0952
2014,1,5,5,2.9738,0.4362,3,18,7,NA,25,0.032,27,0.0427,26,0.0502,27,0.0233,30,0.0397
2014,1,20,1,8.1482,2.3518,5,65,22,NA,27,0.0379,29,0.0435,24,0.0383,28,0.0783,33,0.0689
2014,1,20,4,5.0118,1.8182,3,42,25,NA,19,0.0302,28,0.0603,29,0.0808,22,0.0338,28,0.0801
2014,1,20,5,1.7421,0.3079,0,8,5,NA,30,0.048,23,0.019,31,0.0584,27,0.0294,28,0.0381
2014,1,100,1,7.8534,2.6266,4,82,26,NA,18,0.0295,26,0.0534,14,0.0241,23,0.051,28,0.0855
2014,1,100,3,15.8122,4.6478,7,138,37,NA,20,0.0115,32,0.0985,23,0.0559,29,0.0874,32,0.0707
2014,1,100,5,8.6878,1.1622,7,59,64,NA,3,0.0124,22,0.0487,28,0.1446,18,0.0213,23,0.0322
2014,1,500,2,21.6799,5.2201,5,144,21,NA,24,0.0265,23,0.027,25,0.0483,18,0.047,18,0.035
2014,1,500,3,26.9422,8.1778,5,224,39,NA,31,0.0962,22,0.0258,9,0.0129,24,0.0317,25,0.0348
2014,1,500,5,18.0133,4.8367,5,116,25,NA,21,0.0608,19,0.0451,21,0.0679,16,0.0433,19,0.0476
2014,8,1,1,26.8994,14.1306,4,190,85,3477,21,0.1017,24,0.1078,24,0.1069,15,0.0733,16,0.0739
2014,8,1,2,11.5133,3.8967,5,61,77,1109,16,0.032,29,0.0894,11,0.0495,4,0.0054,16,0.0535
2014,8,1,3,9.3857,4.0343,3,71,29,1300,27,0.1032,33,0.114,26,0.0761,27,0.0674,13,0.0329
2014,8,1,4,13.4989,4.5411,2,81,19,997,20,0.0875,16,0.0775,6,0.0256,16,0.0674,19,0.0814
2014,8,1,5,13.8959,4.7341,5,74,55,1412,24,0.0796,21,0.0684,27,0.1091,21,0.0539,26,0.0857
2014,8,5,1,5.2644,2.3756,2,44,20,652,17,0.0552,23,0.0873,29,0.1107,14,0.0537,24,0.0878
2014,8,5,2,9.5792,4.1108,2,74,30,1161,NA,0.079,26,0.1176,23,0.0552,28,0.1247,31,0.1151
2014,8,5,3,13.6797,5.0103,3,114,16,1498,23,0.072,19,0.0727,19,0.0616,19,0.0601,20,0.069
2014,8,5,4,10.1267,4.5333,2,69,25,1287,22,0.076,33,0.1031,23,0.0813,16,0.0586,22,0.0873
2014,8,5,5,23.9016,7.7684,4,121,42,2101,15,0.0635,22,0.0925,22,0.0922,27,0.1035,27,0.0983
2014,8,20,1,15.7541,5.5459,3,106,54,1522,18,0.0758,26,0.09,14,0.0588,11,0.0414,30,0.108
2014,8,20,2,11.6433,3.7067,3,96,36,1195,5,0.0234,25,0.0761,25,0.0816,20,0.0689,4,0.0192
2014,8,20,3,13.8288,5.5512,3,121,47,1832,26,0.075,12,0.0438,25,0.0887,12,0.0363,16,0.0378
2014,8,20,4,11.1115,3.0685,3,64,43,825,20,0.0877,26,0.0959,17,0.0674,29,0.119,25,0.085
2014,8,20,5,13.2799,5.0701,3,103,82,1497,22,0.0796,16,0.0358,21,0.076,24,0.0938,19,0.0571
2014,8,100,1,7.3122,2.4578,3,58,60,879,29,0.0881,25,0.069,16,0.0349,20,0.0495,13,0.0299
2014,8,100,2,16.6988,5.5912,4,153,91,1573,12,0.0529,12,0.0512,19,0.0787,24,0.0781,23,0.0504
2014,8,100,3,16.8491,5.6509,4,112,91,1696,23,0.06,23,0.1041,12,0.0459,20,0.0709,13,0.0488
2014,8,100,4,4.9621,1.5879,2,28,9,441,17,0.0415,27,0.0893,24,0.1257,28,0.0775,10,0.0449
2014,8,100,5,8.3222,3.4478,2,61,24,1238,34,0.0668,32,0.0603,20,0.0614,31,0.0711,31,0.0634
2014,8,500,1,3.9857,1.5543,3,41,32,518,24,0.0766,15,0.0456,16,0.0495,17,0.0529,15,0.0448
2014,8,500,2,5.1075,2.0925,2,50,22,407,21,0.1004,11,0.0534,10,0.0548,6,0.0388,7,0.0403
2014,8,500,3,10.727,2.873,3,75,41,590,16,0.0687,14,0.0584,15,0.0704,15,0.0735,6,0.0276
2014,8,500,4,4.9702,1.8398,2,45,29,636,14,0.0517,20,0.0548,10,0.0363,8,0.0341,21,0.057
2014,8,500,5,2.72159,0.05841,2,11,11,148,21,0.081,12,0.0536,23,0.0919,22,0.0887,15,0.053
2014,15,5,2,35.8099,15.2901,7,394,154,NA,25,0.0345,28,0.041,25,0.0507,29,0.044,28,0.0622
2014,15,5,3,5.329,0.691,5,92,22,NA,2,0.0077,5,0.0198,5,0.0074,7,0.0187,9,0.0165
2014,15,5,5,15.1181,4.5419,5,194,71,NA,23,0.0502,5,0.0113,24,0.0479,18,0.02,23,0.0731
2014,15,20,2,17.7209,6.8991,4,186,97,NA,29,0.0703,23,0.0587,18,0.0426,27,0.0621,20,0.0455
2014,15,20,4,30.91,12.69,7,326,151,NA,24,0.0549,14,0.0419,13,0.0363,18,0.0461,22,0.0483
2014,15,20,5,4.247,1.043,2,45,26,NA,19,0.038,17,0.034,4,0.0091,26,0.0418,23,0.0366
2014,15,100,2,8.5614,0.4886,3,49,90,NA,20,0.0426,22,0.0475,22,0.0462,15,0.0125,21,0.0123
2014,15,100,4,21.6034,6.1166,3,178,164,NA,22,0.0423,24,0.0814,17,0.048,20,0.033,13,0.0421
2014,15,100,5,7.13,2.43,3,83,66,NA,18,0.0432,15,0.0457,15,0.0429,12,0.0316,20,0.0552
2014,15,500,1,6.3007,1.4993,4,69,55,NA,14,0.0288,9,0.0172,24,0.0551,12,0.0285,10,0.0352
2014,15,500,3,NA,NA,6,211,109,NA,19,0.0411,20,0.0449,23,0.0559,23,0.0446,29,0.0721
2014,15,500,4,26.1756,10.7544,6,222,99,NA,28,0.0402,26,0.0394,28,0.0487,30,0.0819,30,0.0596
2014,14,1,1,20.1473,4.7527,7,101,167,NA,22,0.0642,25,0.0426,13,0.0204,20,0.038,9,0.0145
2014,14,1,2,39.9938,0.8062,7,49,597,NA,10,0.0077,21,0.0274,18,0.0371,5,0.0094,6,0.0094
2014,14,1,3,31.1219,3.7781,6,89,358,NA,15,0.0375,23,0.0867,20,0.0743,9,0.0047,18,0.0702
2014,14,1,4,32.8464,14.4536,11,256,167,NA,26,0.0468,3,0.0091,19,0.0461,7,0.0181,21,0.0573
2014,14,5,1,57.447,1.853,10,182,806,NA,8,0.0048,4,0.0049,26,0.0416,18,0.0112,9,0.0102
2014,14,5,2,25.6062,10.7938,3,181,122,NA,12,0.0128,6,0.0068,24,0.07,18,0.0321,12,0.0099
2014,14,5,3,22.6427,9.8573,6,182,87,NA,26,0.0097,22,0.0737,25,0.0819,29,0.0717,32,0.0756
2014,14,5,4,30.0789,9.7211,6,213,235,NA,23,0.0675,28,0.073,22,0.048,2,0.0016,17,0.0179
2014,14,5,5,14.2725,6.2275,6,101,32,NA,28,0.0887,12,0.0387,22,0.1167,19,0.0377,19,0.0462
2014,14,20,1,110.2,0,14,0,1419,NA,NA,NA,NA,NA,NA,NA,NA,NA,NA,NA
2014,14,20,2,53.216,14.884,5,360,212,NA,6,0.0081,22,0.0684,14,0.0354,19,0.0795,26,0.0652
2014,14,20,3,19.4797,19.3203,2,194,146,NA,26,0.1331,31,0.1472,22,0.042,20,0.062,27,0.1096
2014,14,20,4,21.3228,8.5772,9,146,85,NA,7,0.0178,24,0.0438,30,0.1327,30,0.1378,3,0.0137
2014,14,100,1,9.7556,1.3444,3,47,32,NA,19,0.0403,22,0.0397,20,0.0382,6,0.0076,4,0.0029
2014,14,100,2,28.5735,6.5265,7,159,201,2584,16,0.0183,15,0.0275,23,0.0634,21,0.0236,14,0.0228
2014,14,100,4,21.2951,6.9049,5,114,11,NA,20,0.0603,20,0.1014,18,0.0863,23,0.1105,18,0.0667
2014,14,100,5,18.461,4.539,5,111,46,NA,18,0.0329,22,0.0436,22,0.0199,18,0.0151,13,0.0178
2014,14,500,1,33.466,7.734,5,296,222,NA,18,0.0345,27,0.0591,3,0.0068,4,0.0173,24,0.0632
2014,14,500,2,14.7057,5.7943,4,125,110,NA,22,0.0479,11,0.0222,26,0.0627,16,0.0366,NA,NA
2014,14,500,4,27.6123,7.3877,10,211,128,NA,0,0,0,0,9,0.0169,21,0.078,21,0.0624
2014,14,500,5,20.5807,7.7193,7,191,105,NA,28,0.0441,23,0.0372,26,0.0542,22,0.0403,20,0.0364
2014,14,NA,NA,21.56,4.54,9,156,11,NA,5,0.0085,21,0.0469,13,0.0478,25,0.0773,24,0.0461
2014,30,5,1,25.5559,9.4141,4,176,44,NA,32,0.0545,32,0.0581,22,0.0266,42,0.0855,32,0.0292
2014,30,5,3,22.1741,7.3459,3,173,25,NA,1,0.005,17,0.0156,28,0.0507,9,0.0142,28,0.1025
2014,30,5,4,32.9246,17.2454,4,303,84,NA,26,0.0631,33,0.0691,31,0.0634,14,0.026,29,0.0474
2014,30,20,1,40.6575,22.6925,5,341,59,NA,36,0.0927,33,0.1018,24,0.0809,33,0.086,36,0.0865
2014,30,20,2,27.879,6.001,3,210,53,NA,26,0.0564,6,0.0207,26,0.0531,27,0.0573,24,0.0466
2014,30,20,4,37.6215,20.5485,5,331,92,NA,25,0.0843,30,0.0653,29,0.1159,9,0.0483,33,0.0792
2014,30,100,3,15.4143,7.6957,4,147,53,NA,11,0.0382,21,0.0465,30,0.0783,21,0.0693,10,0.0293
2014,30,100,4,29.2781,3.3519,3,148,47,NA,16,0.0414,14,0.019,18,0.0541,24,0.0751,18,0.0651
2014,30,100,5,17.7999,7.3201,4,153,23,NA,9,0.0214,27,0.0456,18,0.0747,30,0.0561,24,0.0927
2014,30,500,2,27.7697,5.0603,4,260,68,NA,13,0.0449,17,0.0341,18,0.0191,16,0.0412,16,0.0391
2014,30,500,3,12.2003,9.4997,3,141,32,NA,35,0.1467,15,0.0296,3,0.0112,29,0.0632,29,0.0829
2014,30,500,4,24.9144,6.9056,5,200,27,NA,20,0.0607,26,0.0739,30,0.0855,25,0.0685,14,0.054
2014,29,5,1,6.7922,6.1578,4,78,20,NA,28,0.0577,27,0.058,33,0.0616,27,0.0447,25,0.0726
2014,29,5,3,38.8511,17.6089,5,362,7,NA,12,0.0118,25,0.0379,31,0.0554,29,0.1143,25,0.0711
2014,29,5,5,31.0753,11.2247,5,289,36,NA,26,0.0251,39,0.0683,7,0.0203,15,0.0178,26,0.0357
2014,29,20,1,18.0579,10.1221,6,159,31,NA,24,0.0785,24,0.089,23,0.0861,23,0.0896,26,0.0811
2014,29,20,4,5.6341,3.1759,3,48,19,NA,25,0.0922,21,0.0712,24,0.0852,16,0.0469,22,0.0668
2014,29,20,5,14.3275,7.2425,5,135,31,NA,16,0.0601,21,0.0582,29,0.1195,22,0.0629,20,0.0495
2014,29,100,1,18.4475,7.7125,4,163,71,NA,30,0.0696,24,0.0572,20,0.044,30,0.0803,25,0.0724
2014,29,100,3,10.3209,3.6591,4,91,24,NA,17,0.0323,5,0.0112,23,0.0471,19,0.0285,23,0.0784
2014,29,100,4,5.967,1.933,3,64,10,NA,21,0.0384,22,0.0341,17,0.0211,21,0.0379,29,0.0822
2014,29,500,1,NA,NA,5,178,35,NA,NA,NA,NA,NA,NA,NA,NA,NA,NA,NA
2014,29,500,2,19.3558,4.0442,5,177,84,NA,NA,NA,NA,NA,NA,NA,NA,NA,NA,NA
2014,29,500,5,NA,NA,8,354,148,NA,NA,NA,NA,NA,NA,NA,NA,NA,NA,NA
2014,27,5,1,24.1099,3.2201,5,139,41,NA,32,0.0244,32,0.1161,39,0.09,29,0.0737,33,0.1185
2014,27,5,4,11.3363,0.1037,3,59,42,NA,14,0.0149,15,0.0119,14,0.0132,24,0.0252,22,0.0235
2014,27,5,5,62.3201,21.6199,9,528,127,NA,24,0.0433,23,0.016,34,0.0503,28,0.0531,26,0.0523
2014,27,20,1,20.6441,6.1159,3,116,25,NA,34,0.0763,36,0.0602,24,0.0538,38,0.0906,34,0.093
2014,27,20,2,27.8892,8.2108,4,206,13,NA,8,0.0174,29,0.0576,35,0.0692,27,0.0639,23,0.0508
2014,27,20,3,38.8546,7.5254,6,217,90,NA,39,0.0877,29,0.1207,31,0.0664,30,0.0442,37,0.0767
2014,27,100,1,18.8443,5.2257,6,112,50,NA,31,0.096,33,0.0577,32,0.0842,26,0.04,29,0.0399
2014,27,100,4,7.1313,1.9987,3,49,9,NA,25,0.0513,35,0.1011,22,0.0327,27,0.0434,36,0.1006
2014,27,100,5,18.1232,7.9768,5,152,50,NA,20,0.0404,26,0.0739,30,0.0833,28,0.0723,28,0.0695
2014,27,500,1,35.4852,1.5848,8,194,131,NA,29,0.0484,1,0.0011,2,0.0033,26,0.0247,5,0.0086
2014,27,500,3,24.8811,8.5689,5,155,47,NA,33,0.1222,34,0.0743,26,0.0456,35,0.1023,36,0.0851
2014,27,500,4,10.7255,2.4745,4,65,32,NA,33,0.0652,37,0.0994,8,0.0131,28,0.0799,30,0.0636
2014,28,5,3,13.3325,6.1075,3,111,29,NA,15,0.0502,26,0.0836,36,0.1095,22,0.0682,24,0.0663
2014,28,5,4,16.0292,4.5708,3,120,25,NA,25,0.0417,21,0.0395,13,0.0403,23,0.0585,24,0.0778
2014,28,5,5,16.9348,7.6552,4,150,44,NA,17,0.0348,26,0.0582,34,0.0673,27,0.0771,19,0.0401
2014,28,20,1,13.1554,4.8746,4,112,23,NA,25,0.0512,23,0.0575,23,0.0536,19,0.0452,27,0.0598
2014,28,20,3,15.6918,5.9082,3,123,30,NA,12,0.0257,22,0.0447,35,0.0998,25,0.046,24,0.0592
2014,28,20,5,27.7831,7.6069,3,206,52,NA,16,0.0526,19,0.0284,27,0.072,30,0.0655,28,0.0679
2014,28,100,1,28.7018,14.1282,6,264,56,NA,27,0.0795,25,0.0445,30,0.0701,3,0.0171,28,0.0895
2014,28,100,3,12.8856,7.2344,3,131,18,NA,21,0.0649,29,0.0821,26,0.0587,30,0.0917,26,0.0925
2014,28,100,4,13.4989,4.9811,4,128,32,NA,14,0.0222,15,0.0291,25,0.0217,20,0.0623,24,0.0657
2014,28,325,1,38.6658,17.1042,5,309,46,NA,29,0.0603,25,0.0475,4,0.0052,33,0.0628,20,0.0325
2014,28,325,3,53.0205,17.8095,5,487,95,NA,19,0.0451,14,0.0263,26,0.0453,16,0.0365,20,0.041
2014,28,325,4,74.2842,31.9058,6,605,82,NA,30,0.0625,22,0.0844,30,0.0783,31,0.0724,30,0.0782
2014,26,1,1,11.1908,4.3092,4,85,29,NA,26,0.0359,28,0.0495,24,0.0573,32,0.0755,28,0.0561
2014,26,1,2,11.1641,4.5359,3,83,34,NA,30,0.0476,34,0.1004,23,0.0433,31,0.064,34,0.0686
2014,26,1,3,17.0867,7.8133,5,148,22,NA,14,0.0195,25,0.0678,23,0.0463,25,0.053,31,0.0742
2014,26,5,1,3.6847,0.7153,0,14,0,NA,20,0.0549,12,0.0348,16,0.0302,16,0.0439,22,0.0707
2014,26,5,2,4.9729,2.2271,1,35,10,754,26,0.0833,3,0.0081,16,0.0479,24,0.0597,27,0.0661
2014,26,5,3,5.1312,2.8688,1,50,9,NA,16,0.0321,20,0.0456,25,0.0569,16,0.0409,30,0.0923
2014,26,5,4,3.8925,2.8075,1,40,3,NA,28,0.0946,13,0.0377,32,0.0874,11,0.03,27,0.0778
2014,26,5,5,10.1769,2.9231,4,63,7,NA,30,0.0911,25,0.0601,11,0.041,10,0.0279,12,0.0389
2014,26,20,1,14.7677,6.1323,4,148,66,NA,28,0.0637,33,0.0767,17,0.0337,12,0.021,9,0.0132
2014,26,20,2,4.92847,0.07153,3,32,21,NA,13,0.0286,4,0.0096,18,0.0161,16,0.0187,23,0.0408
2014,26,20,5,11.1852,4.0148,4,138,69,NA,29,0.0943,21,0.0346,9,0.0149,26,0.0513,16,0.0218
2014,26,100,1,27.2841,12.8159,5,252,60,5858,16,0.0256,37,0.081,24,0.0397,21,0.0334,26,0.0567
2014,26,100,2,26.6685,11.1315,6,221,33,5048,20,0.0657,25,0.0577,22,0.0283,12,0.0271,16,0.0532
2014,26,100,3,32.5801,15.1199,7,310,63,7298,26,0.0374,33,0.0782,38,0.0714,20,0.0307,18,0.0243
2014,26,100,4,21.4428,8.8572,6,229,81,4435,21,0.0284,17,0.0284,27,0.0601,26,0.053,25,0.0422
2014,26,100,5,16.8788,7.8212,4,172,56,3738,32,0.0812,31,0.0804,14,0.0438,32,0.0568,8,0.012
2014,26,500,2,36.0505,14.2495,4,317,69,NA,35,0.0871,36,0.0761,37,0.0655,9,0.0083,27,0.063
2014,26,500,3,37.2118,13.6882,6,335,57,NA,34,0.0608,33,0.0952,15,0.0184,10,0.0113,37,0.0729
2014,26,500,5,13.0452,4.3548,1,90,26,NA,24,0.0357,30,0.0631,34,0.0436,24,0.0353,37,0.0552
2014,22,5,2,11.1418,5.4382,4,100,23,NA,28,0.1035,20,0.0635,7,0.0223,18,0.0582,19,0.0635
2014,22,5,3,24.1779,11.5221,6,208,42,NA,23,0.0806,23,0.072,27,0.0815,24,0.0909,27,0.0885
2014,22,5,4,30.5594,15.2206,5,244,63,NA,16,0.0605,23,0.0703,30,0.1173,28,0.0867,30,0.1087
2014,22,20,2,53.7264,18.9836,7,466,63,NA,26,0.0589,27,0.0465,26,0.0681,25,0.0443,20,0.0782
2014,22,20,4,22.2769,7.0631,5,167,21,NA,14,0.0596,28,0.1315,21,0.082,25,0.0852,17,0.0717
2014,22,20,5,11.9654,1.7846,5,106,9,NA,26,0.0748,17,0.0435,20,0.0096,8,0.0261,28,0.0695
2014,22,100,1,78.1283,22.4517,6,676,105,NA,27,0.061,17,0.0157,27,0.0365,26,0.0779,26,0.0643
2014,22,100,4,60.9158,28.3142,7,502,90,NA,18,0.0555,27,0.0743,30,0.0808,15,0.0503,10,0.0293
2014,22,100,5,74.7914,30.3786,10,642,106,NA,13,0.0169,6,0.0118,16,0.0627,16,0.0436,26,0.0444
2014,22,500,2,11.9492,6.2208,5,114,22,NA,29,0.1067,25,0.0865,10,0.0337,24,0.0619,22,0.0625
2014,22,500,3,33.4453,15.4447,8,282,67,NA,26,0.0602,26,0.0811,24,0.0568,30,0.1218,23,0.0466
2014,22,500,5,38.2276,13.5024,6,307,46,NA,24,0.0777,23,0.0382,15,0.0421,12,0.0233,25,0.112
2014,18,1,1,13.1383,10.0617,5,155,42,NA,36,0.1523,35,0.1295,14,0.0622,21,0.0657,28,0.074
2014,18,1,2,17.7582,8.4918,7,160,77,3638,13,0.0264,13,0.0359,25,0.0425,29,0.1027,30,0.0736
2014,18,1,3,5.384,1.316,2,45,13,453,21,0.0778,13,0.0407,28,0.0624,28,0.1043,26,0.0745
2014,18,1,4,17.3852,8.0148,5,169,36,NA,19,0.0699,27,0.0986,25,0.0856,33,0.1228,35,0.1607
2014,18,1,5,13.1098,5.2902,4,95,29,1610,23,0.0734,30,0.1078,18,0.051,23,0.0646,27,0.0781
2014,18,5,2,15.0537,8.0463,5,126,39,2537,26,0.0838,25,0.0678,18,0.0553,15,0.0519,28,0.0888
2014,18,5,3,3.0511,1.9489,2,39,13,542,26,0.087,11,0.0397,32,0.0123,22,0.0801,20,0.0632
2014,18,5,4,8.5273,2.5727,4,62,29,923,25,0.0824,28,0.0987,8,0.0222,19,0.0465,27,0.0748
2014,18,5,5,24.1178,7.1822,7,194,94,1901,14,0.0311,20,0.1112,20,0.0617,21,0.0962,NA,0.0735
2014,18,20,1,24.9829,11.0171,7,202,50,3745,25,0.05821,24,0.1063,30,0.0912,30,0.0897,25,0.0703
2014,18,20,2,26.7789,8.7211,5,222,97,1776,27,0.1224,19,0.0813,6,0.0307,9,0.0468,5,0.0267
2014,18,20,3,18.8142,7.6858,5,159,70,2335,35,0.139,6,0.0321,15,0.0694,7,0.033,23,0.0863
2014,18,20,4,4.4275,1.9725,2,49,18,NA,15,0.037,10,0.0281,22,0.0551,24,0.095,26,0.0572
2014,18,20,5,15.7919,7.9081,7,140,66,2350,26,0.0847,35,0.1532,20,0.0626,27,0.1191,27,0.0872
2014,18,100,1,16.091,8.309,5,127,43,2479,27,0.1206,8,0.0222,35,0.139,23,0.0844,27,0.0789
2014,18,100,2,14.307,6.893,8,115,28,2368,23,0.0703,24,0.0625,24,0.0755,24,0.0627,24,0.0652
2014,18,100,3,11.5234,5.4766,5,98,41,1726,22,0.0519,33,0.1372,6,0.0258,14,0.152,32,0.1139
2014,18,100,4,9.9461,4.1539,5,84,24,1372,27,0.1041,30,0.1273,31,0.1237,27,0.0819,11,0.0478
2014,18,100,5,12.3827,6.4173,5,101,19,1762,30,0.1267,30,0.1086,10,0.0412,32,0.01464,25,0.0824
2014,18,500,1,27.9072,9.1928,7,242,54,3651,11,0.0223,24,0.0482,20,0.0521,16,0.0264,27,0.0667
2014,18,500,2,17.2004,8.2996,8,154,52,2948,29,0.0375,23,0.0569,29,0.0511,30,0.0303,25,0.0461
2014,18,500,3,10.6351,5.5649,5,99,35,1982,19,0.0534,24,0.0678,18,0.049,20,0.0649,21,0.0517
2014,18,500,4,14.551,6.749,4,131,61,2400,24,0.0599,8,0.0235,24,0.0755,34,0.1126,23,0.0638
2014,18,500,5,14.8444,4.4556,6,125,52,1389,29,0.0862,23,0.0692,29,0.1125,30,0.0954,25,0.0494
2014,13,5,1,0.7689,0.2111,2,7,14,NA,19,0.0361,10,0.0136,8,0.0179,3,0.0016,21,0.0408
2014,13,5,2,4.6299,1.4001,4,38,30,NA,30,0.0784,16,0.0246,17,0.006,22,0.0335,30,0.0627
2014,13,5,3,4.693,1.587,2,40,20,NA,29,0.0639,23,0.0475,17,0.0204,18,0.0374,26,0.0608
2014,13,20,3,7.4599,2.0601,7,62,46,NA,28,0.0333,28,0.0361,18,0.0212,29,0.0377,28,0.0393
2014,13,20,4,1.5605,0.2695,1,9,8,NA,24,0.0423,7,0.0149,5,0.0091,22,0.0452,21,0.0476
2014,13,20,5,8.4505,2.6995,6,69,40,NA,32,0.0818,9,0.0221,31,0.0543,19,0.0313,34,0.0474
2014,13,100,3,4.4071,0.6629,6,66,69,NA,5,0.0111,15,0.0208,18,0.0194,16,0.0221,20,0.0345
2014,13,100,4,9.0071,1.7629,3,90,30,NA,25,0.0149,29,0.0331,29,0.0237,15,0.0105,26,0.027
2014,13,100,5,13.4256,3.1044,7,140,56,NA,10,0.0073,19,0.0156,15,0.0093,18,0.0182,28,0.0537
2014,13,500,3,6.9427,1.9673,5,77,35,NA,4,0.0101,9,0.0142,26,0.0297,24,0.0358,17,0.0296
2014,13,500,4,2.7521,0.5879,4,28,32,NA,19,0.0387,5,0.0082,20,0.0299,15,0.0374,10,0.0195
2014,13,500,5,11.0035,2.8065,7,112,70,NA,14,0.0398,26,0.058,22,0.0502,20,0.0465,24,0.0335
2014,3,1,1,22.9117,10.1583,6,190,82,NA,27,0.1242,27,0.0577,22,0.0632,30,0.0817,24,0.05
2014,3,1,2,30.6479,10.3221,8,247,124,NA,26,0.0444,32,0.0642,30,0.0792,15,0.0291,23,0.0928
2014,3,1,3,15.7831,7.5269,5,139,55,NA,26,0.0781,25,0.0604,28,0.0745,25,0.079,18,0.041
2014,3,5,1,26.0592,11.3508,9,241,46,NA,23,0.0409,19,0.0818,25,0.0384,34,0.1025,32,0.0781
2014,3,5,2,18.4835,7.6965,7,166,62,NA,30,0.0727,26,0.0914,24,0.0868,30,0.0836,25,0.0553
2014,3,5,5,6.1033,1.6267,6,65,25,NA,15,0.0398,11,0.0454,14,0.0599,1,0.0047,15,0.0443
2014,3,20,3,10.476,3.814,4,89,35,NA,23,0.0762,25,0.0787,20,0.0508,26,0.068,21,0.0815
2014,3,20,4,9.5403,2.4397,5,73,53,NA,26,0.0571,21,0.044,19,0.0304,20,0.036,22,0.0364
2014,3,20,5,15.0279,5.5221,5,109,74,NA,24,0.0697,19,0.0651,22,0.0557,22,0.0569,15,0.0305
2014,3,100,1,11.9117,4.8683,6,99,45,NA,26,0.0631,16,0.049,14,0.0407,21,0.0662,22,0.0736
2014,3,100,2,14.8752,5.4648,7,146,120,NA,22,0.0857,25,0.0855,19,0.0703,18,0.0317,6,0.0266
2014,3,100,4,6.2763,2.1537,4,65,25,NA,27,0.0588,23,0.0422,17,0.0398,22,0.0369,8,0.0147
2014,3,500,2,18.5365,6.5835,8,206,110,NA,18,0.0341,19,0.0715,19,0.0545,18,0.0292,28,0.057
2014,3,500,4,2.1867,0.0533,2,18,11,NA,10,0.0295,13,0.0262,28,0.0627,21,0.045,15,0.0431
2014,3,500,5,1.89405,0.02595,2,14,23,NA,23,0.0302,20,0.044,22,0.0353,10,0.0132,NA,NA
2014,25,1,3,6.9259,1.6741,2,55,12,NA,24,0.0922,22,0.0833,18,0.0709,19,NA,3,0.013
2014,25,1,4,11.3403,5.4597,3,67,33,NA,30,0.1097,27,0.0995,29,0.0953,25,0.071,27,0.0875
2014,25,1,5,14.4812,6.3188,3,111,50,NA,28,0.0729,26,0.0822,32,0.0974,30,0.1163,28,0.0874
2014,25,5,1,10.8898,3.8102,3,64,22,1801,23,0.0994,27,0.0896,30,0.1307,16,0.0609,7,0.021
2014,25,5,2,1.9883,0.2117,1,8,17,83,29,0.0924,21,0.0598,2,0.0048,3,0.0035,2,0.0039
2014,25,5,4,3.2204,1.4796,2,36,10,481,24,0.0932,23,0.0796,5,0.0154,15,0.0314,2,0.0096
2014,25,20,1,4.4824,0.7176,1,30,9,NA,10,0.0188,20,0.0333,25,0.0403,9,0.008,9,0.0128
2014,25,20,2,1.9471,1.8529,1,49,12,NA,11,0.022,4,0.0065,13,0.0263,25,0.066,14,0.0412
2014,25,20,3,12.6003,3.1997,5,107,16,1841,13,0.0146,15,0.0253,32,0.0654,12,0.0156,24,0.0401
2014,25,20,4,3.1354,2.9646,2,64,13,1064,3,0.0066,3,0.0136,30,0.098,24,0.0649,18,0.0415
2014,25,20,5,37.6513,17.0487,7,356,80,7194,23,0.0453,27,0.0461,20,0.009,13,0.0373,13,0.0183
2014,25,100,1,9.3757,3.9243,4,104,40,NA,21,0.0629,33,0.1284,34,0.1008,29,0.0843,20,0.0376
2014,25,100,2,29.9814,13.4186,5,284,58,NA,31,0.0849,31,0.1067,23,0.0643,17,0.0736,16,0.0372
2014,25,100,3,21.1989,5.8011,5,149,53,2628,26,0.046,29,0.0578,23,0.0374,25,0.0757,24,0.0489
2014,25,100,4,10.0066,4.4934,4,102,38,NA,6,0.0141,27,0.06,5,0.0159,20,0.0469,21,0.0535
2014,25,100,5,6.929,2.971,2,82,10,NA,10,0.0321,25,0.0713,28,0.0652,27,0.0475,10,0.0201
2014,25,500,1,12.7014,4.5986,5,155,89,NA,26,0.096,8,0.0223,27,0.0994,16,0.0288,21,0.0459
2014,25,500,3,3.2057,1.2943,2,38,25,NA,14,0.0341,28,0.0705,25,0.0514,25,0.0532,23,0.0541
2014,25,500,4,6.3692,2.7308,4,76,24,NA,16,0.0452,14,0.027,14,0.034,18,0.0375,17,0.0262
2014,23,1,1,24.0199,8.8801,5,214,109,2427,1,0.0069,11,0.0537,18,0.0611,5,0.0133,25,0.0592
2014,23,1,2,16.1467,8.8533,3,141,71,3151,20,0.037,23,0.0424,43,0.1305,22,0.0352,19,0.0589
2014,23,1,3,15.2723,7.5277,3,133,65,2496,25,0.0719,24,0.0522,34,0.089,29,0.0869,32,0.0944
2014,23,1,4,11.2525,5.8475,3,109,33,2203,20,0.0337,24,0.0355,27,0.0804,30,0.0865,23,0.0348
2014,23,1,5,6.5788,3.5212,2,73,23,1439,26,0.0646,21,0.0466,27,0.0687,29,0.0692,22,0.0391
2014,23,5,1,9.5914,4.3086,2,102,19,1835,12,0.021,24,0.0466,25,0.0485,16,0.0265,15,0.0221
2014,23,5,2,12.2792,5.6208,2,121,15,2447,33,0.0772,8,0.0175,21,0.0463,28,0.0555,13,0.0236
2014,23,5,3,38.7187,11.9813,7,422,138,3946,23,0.0647,8,0.027,18,0.039,20,0.0503,19,0.0491
2014,23,5,4,19.5643,8.1357,5,176,13,3625,26,0.054,23,0.0395,23,0.0619,34,0.05333,27,0.075
2014,23,5,5,43.984,12.416,7,281,193,2957,3,0.0149,22,0.0578,24,0.1023,14,0.0849,1,0.0053
2014,23,20,1,32.9117,9.0883,8,310,89,3708,10,0.0315,17,0.0367,25,0.0577,25,0.0496,26,0.0495
2014,23,20,2,7.8,3.3735,2,74,11,1454,31,NA,28,NA,26,NA,19,NA,25,NA
2014,23,20,3,21.7447,9.6553,4,186,97,2638,6,0.0339,26,0.0951,10,0.0461,23,0.0532,23,0.0763
2014,23,20,4,60.1612,19.1388,10,614,134,7113,29,0.0877,12,0.0388,31,0.1052,17,0.0463,4,0.0176
2014,23,20,5,21.7033,7.6967,3,163,93,2679,28,0.0982,28,0.0681,31,0.0717,18,0.028,26,0.066
2014,23,100,1,95.0683,34.6317,10,763,179,14735,32,0.0617,37,0.1107,33,0.1076,31,0.0718,29,0.0862
2014,23,100,2,21.9608,9.0392,7,205,80,3885,27,0.0638,11,0.038,5,0.0172,17,0.0302,14,0.0462
2014,23,100,3,36.4756,17.2244,6,354,95,6470,7,0.0255,30,0.0869,29,0.0745,6,0.0192,27,0.1207
2014,23,100,4,27.2564,7.4436,4,245,108,2434,2,0.0055,2,0.0076,15,0.0493,7,0.0322,15,0.0787
2014,23,100,5,34.0348,14.6652,4,312,88,5772,4,0.0099,18,0.0284,6,0.0341,30,0.0713,26,0.0852
2014,23,500,1,14.3786,5.5214,7,146,38,2097,31,0.0856,15,0.0571,14,0.0344,27,0.0312,16,0.0413
2014,23,500,2,33.4655,11.7345,7,244,83,5144,35,0.0572,27,0.0281,19,0.0129,15,0.0301,31,0.096
2014,23,500,3,19.3465,9.0535,4,215,86,3206,9,0.0323,5,0.0191,21,0.0449,11,0.0269,29,0.0705
2014,23,500,4,23.2799,10.6201,3,210,74,3649,13,0.0409,29,0.0673,19,0.0678,22,0.063,19,0.0421
2014,23,500,5,47.2007,23.2993,6,420,110,8774,9,0.0309,30,0.0775,28,0.0758,27,0.0677,33,0.081
2015,32,5,1,14.3624,5.2976,5,135,20,NA,24,0.1135,20,0.0648,16,0.0562,18,0.0686,14,0.0531
2015,32,5,3,9.3125,4.8375,6,75,19,NA,16,0.0542,28,0.102,24,0.0743,24,0.0649,33,0.1161
2015,32,5,4,31.2792,12.9908,10,204,96,NA,29,0.1068,10,0.034,23,0.0624,26,0.0877,28,0.0638
2015,32,20,2,8.8956,2.3644,5,50,30,NA,25,0.0392,35,0.0596,31,0.0902,33,0.0682,34,0.0767
2015,32,20,4,17.2136,9.1264,6,140,47,NA,29,0.0748,39,0.1392,31,0.1192,24,0.0465,31,0.0817
2015,32,20,5,23.4771,13.7929,6,224,36,NA,26,0.0506,25,0.0455,31,0.0879,31,0.0536,30,0.0759
2015,32,100,1,11.3787,3.4413,7,91,32,NA,16,0.0535,18,0.0556,20,0.0512,17,0.0351,14,0.0297
2015,32,100,4,12.7515,6.3985,6,106,47,NA,32,0.0794,29,0.0708,29,0.0806,30,0.0802,29,0.073
2015,32,100,5,7.5865,2.9835,5,54,25,NA,25,0.0481,33,0.1044,26,0.0626,28,0.0584,26,0.053
2015,32,500,1,25.8369,10.8131,8,178,64,NA,25,0.0682,32,0.091,29,0.0769,24,0.0429,30,0.0788
2015,32,500,2,9.9363,2.7437,4,52,43,NA,26,0.0994,25,0.0729,31,0.1347,21,0.1034,32,0.1259
2015,32,500,3,15.7554,5.8046,7,108,50,NA,27,0.0565,25,0.0381,29,0.0716,28,0.1071,23,0.0565
2015,33,5,3,13.5,4.81,5,82,54,NA,26,0.0586,26,0.0738,26,0.107,25,0.1178,31,0.0944
2015,33,5,4,15.7441,6.4259,6,109,52,NA,22,0.0434,23,0.0575,20,0.0537,29,0.0722,28,0.067
2015,33,5,5,9.642,3.998,5,69,32,NA,24,0.0692,19,0.0426,23,0.076,22,0.0571,30,0.1061
2015,33,20,1,8.7494,1.3706,6,47,36,NA,19,0.0271,19,0.0258,19,0.0237,24,0.0252,27,0.1071
2015,33,20,2,10.9761,5.0339,6,97,40,NA,29,0.0889,26,0.0838,25,0.0521,29,0.0597,24,0.0613
2015,33,20,4,13.0271,3.0229,6,81,17,NA,25,0.0568,31,0.0543,23,0.0251,26,0.0784,27,0.0525
2015,33,100,2,6.7074,1.9426,4,46,37,NA,30,0.0895,21,0.0421,26,0.0948,22,0.0559,28,0.0885
2015,33,100,3,12.2326,6.3274,7,97,34,NA,24,0.1029,24,0.0634,13,0.0317,28,0.112,25,0.0954
2015,33,100,4,12.4361,3.5739,6,79,22,NA,26,0.0844,27,0.0874,26,0.0824,20,0.0606,27,0.0925
2015,33,500,1,15.4923,8.7777,4,120,13,NA,20,0.0699,26,0.1043,33,0.1143,24,0.0662,26,0.0921
2015,33,500,2,6.9731,1.4269,1,38,12,NA,21,0.0306,22,0.0545,29,0.0924,23,0.0327,37,0.1343
2015,33,500,3,8.9561,5.1539,3,74,19,NA,39,0.1295,19,0.0517,21,0.0611,21,0.0683,15,0.0519
2015,34,5,1,15.9501,6.2399,5,88,26,NA,26,0.0634,27,0.1003,28,0.0958,27,0.0729,30,0.0654
2015,34,5,3,14.1202,4.3898,3,62,16,NA,33,0.1128,28,0.0907,30,0.0849,22,0.0815,35,0.1316
2015,34,5,4,26.1778,13.7622,5,198,36,NA,18,0.0536,26,0.0746,23,0.062,23,0.0721,10,0.0291
2015,34,20,1,11.8845,7.3355,4,122,26,NA,19,0.0717,25,0.0837,9,0.0131,21,0.0741,27,0.1025
2015,34,20,4,15.8272,5.8128,5,78,19,NA,34,0.1414,29,0.1137,22,0.0857,35,0.1227,31,0.1225
2015,34,20,5,11.623,6.727,3,84,16,NA,25,0.0845,29,0.1103,28,0.0986,30,0.0868,30,0.1008
2015,34,100,1,19.1431,4.8069,5,86,26,NA,26,0.0999,15,0.0317,25,0.0688,24,0.0563,25,0.0447
2015,34,100,4,7.0469,3.5731,2,49,8,NA,23,0.0681,25,0.0789,30,0.0808,35,0.1206,24,0.0706
2015,34,100,5,7.9154,4.1846,3,66,9,NA,16,0.0385,27,0.0812,24,0.0613,24,0.0632,29,0.1036
2015,34,500,1,24.9931,12.2569,6,199,50,NA,14,0.0345,28,0.0693,28,0.0749,33,0.0716,19,0.0588
2015,34,500,3,12.5942,7.2458,4,114,18,NA,23,0.0998,24,0.0736,20,0.071,19,0.0577,20,0.0643
2015,34,500,5,14.3788,6.7312,4,109,29,NA,28,0.1138,24,0.0695,30,0.0808,29,0.0822,30,0.0991
2015,47,5,2,11.8912,5.5888,8,119,45,NA,27,0.0916,21,0.0538,15,0.0548,21,0.0623,24,0.0812
2015,47,5,4,9.7755,5.8245,6,114,58,NA,12,0.0446,14,0.0507,16,0.0555,20,0.0598,18,0.0553
2015,47,5,5,13.0936,8.0464,9,150,70,NA,24,0.066,20,0.0585,19,0.064,29,0.0938,27,0.103
2015,47,20,1,10.8803,5.4097,6,126,76,NA,25,0.0689,15,0.0651,16,0.0673,10,0.0508,17,0.077
2015,47,20,2,2.4523,1.1877,4,25,12,NA,22,0.0328,24,0.0855,25,0.0991,19,0.048,28,0.1171
2015,47,20,4,3.4899,1.4501,3,41,21,NA,22,0.04,31,0.1023,26,0.0607,23,0.0421,24,0.0444
2015,47,100,1,37.99,18.38,8,294,89,NA,22,0.0618,18,0.0682,33,0.0963,27,0.0677,28,0.1033
2015,47,100,3,52.7487,28.9513,10,452,115,NA,28,0.063,28,0.1154,22,0.04,28,0.0929,27,0.0881
2015,47,100,5,7.5935,3.1165,4,72,38,NA,27,0.0597,29,0.0886,29,0.0619,28,0.0545,28,0.0683
2015,47,500,1,32.2582,7.4718,4,254,93,NA,21,0.053,31,0.1448,22,0.0699,30,0.1175,32,0.1465
2015,47,500,2,24.7523,11.1077,5,208,73,NA,28,0.0607,21,0.0779,23,0.043,8,0.0265,25,0.0735
2015,47,500,3,15.6797,14.7503,4,209,39,NA,22,0.0483,30,0.071,33,0.0639,30,0.0724,25,0.0651
2015,48,5,1,14.3687,4.8213,6,129,58,NA,25,0.0426,12,0.0186,29,0.0736,30,0.0572,21,0.0331
2015,48,5,2,16.2286,6.6814,5,140,46,NA,16,0.0261,23,0.0526,32,0.1349,32,0.0775,37,0.1071
2015,48,5,5,8.133,2.457,4,73,18,NA,26,0.06,27,0.0316,20,0.0404,24,0.0415,27,0.0366
2015,48,20,1,6.8734,3.3866,3,49,26,NA,31,0.1248,27,0.1207,21,0.1081,28,0.1286,23,0.1065
2015,48,20,2,14.1009,7.8291,5,127,56,NA,31,0.1066,13,0.0517,28,0.0978,25,0.0975,21,0.0568
2015,48,20,5,47.2947,29.0453,7,428,128,NA,12,0.0495,26,0.0988,30,0.0982,11,0.0617,27,0.1252
2015,48,100,1,20.8786,10.1814,5,168,38,NA,27,0.0744,36,0.155,21,0.046,29,0.1273,27,0.1172
2015,48,100,3,10.272,4.458,5,77,26,NA,29,0.1132,26,0.0918,26,0.1004,29,0.1108,30,0.1114
2015,48,100,4,15.9254,7.4646,4,107,12,NA,15,0.0504,23,0.0925,29,0.1251,26,0.1049,27,0.1058
2015,48,500,1,NA,NA,4,115,26,NA,NA,NA,NA,NA,NA,NA,NA,NA,NA,NA
2015,48,500,2,12.4295,7.4805,3,109,28,NA,28,0.148,26,0.0908,29,0.1172,31,0.1429,23,0.079
2015,48,500,3,20.8882,10.6718,3,151,17,NA,29,0.0856,20,0.093,25,0.0643,24,0.0709,25,0.0754
2015,49,5,2,22.2833,13.5167,7,179,39,NA,31,0.1063,30,0.1166,30,0.1162,22,0.0512,30,0.1089
2015,49,5,3,12.2404,8.0896,6,112,20,NA,31,0.088,29,0.0835,20,0.0502,31,0.0947,34,0.1001
2015,49,5,4,19.2929,13.7171,6,178,43,NA,34,0.1436,25,0.0754,25,0.0813,27,0.066,31,0.1387
2015,49,20,1,37.5369,18.4131,10,311,113,NA,36,0.1228,25,0.0833,21,0.059,34,0.1032,30,0.0699
2015,49,20,2,16.5312,9.9788,6,203,54,NA,36,0.0882,30,0.0666,24,0.0464,34,0.0697,26,0.0569
2015,49,20,5,37.2776,16.6724,8,315,59,NA,24,0.0436,30,0.0523,26,0.0642,31,0.1235,30,0.0844
2015,49,100,2,59.0835,30.4765,10,565,103,NA,5,0.0187,28,0.0772,28,0.0955,29,0.0845,29,0.0761
2015,49,100,3,17.357,9.123,7,178,87,NA,27,0.0952,28,0.1156,29,0.0735,29,0.0619,29,0.1008
2015,49,100,4,7.1892,3.4308,5,66,11,NA,31,0.0951,15,0.0303,27,0.0859,24,0.0862,19,0.0579
2015,49,500,3,37.3773,14.0227,6,268,114,NA,33,0.1497,31,0.1519,29,0.1261,34,0.1795,28,0.1055
2015,49,500,4,9.9448,3.0552,6,83,46,NA,27,0.0903,18,0.0567,32,0.0712,27,0.0986,8,0.0218
2015,49,500,5,20.4158,6.2842,5,174,67,NA,31,0.079,26,0.0569,26,0.0593,24,0.0405,22,0.031
2015,50,5,2,31.0858,9.4742,6,229,79,NA,2,0.0055,25,0.0428,27,0.1225,33,0.0918,26,0.1439
2015,50,5,4,19.5498,14.3402,5,134,10,NA,27,0.1325,25,0.0845,29,0.1191,27,0.1361,29,0.1405
2015,50,5,5,34.3045,20.5055,6,233,39,NA,28,0.118,30,0.1805,28,0.1156,17,0.0836,19,0.064
2015,50,20,2,31.9228,10.8772,5,211,42,NA,30,0.0572,28,0.0862,24,0.0444,5,0.0112,7,0.0274
2015,50,20,3,26.5574,9.6126,5,165,60,NA,24,0.1053,21,0.0725,24,0.0719,20,0.0579,18,0.0517
2015,50,20,5,25.2355,3.3945,6,178,27,NA,20,0.0116,22,0.038,21,0.0257,23,0.0717,18,0.0524
2015,50,100,1,26.0521,10.6479,6,189,61,NA,29,0.0934,17,0.0263,24,0.0856,15,0.0609,33,0.1143
2015,50,100,2,35.8922,16.2578,4,229,55,NA,21,0.1088,21,0.0852,10,0.0482,17,0.0974,25,0.1255
2015,50,100,5,16.8278,6.2922,4,151,35,NA,27,0.1115,23,0.0769,8,0.0232,23,0.0696,25,0.0807
2015,50,500,1,43.5745,16.0955,8,373,68,NA,12,0.0329,4,0.0205,14,0.0391,20,0.0567,22,0.0605
2015,50,500,3,43.6966,14.7234,7,384,69,NA,23,0.0954,19,0.0391,28,0.0998,24,0.0389,22,0.0651
2015,50,500,4,17.4887,4.1213,6,156,35,NA,21,0.0292,20,0.0203,20,0.0265,24,0.06,26,0.0745
2015,35,5,2,17.0451,5.5049,5,104,57,NA,29,0.0695,23,0.0838,22,0.0632,33,0.0625,25,0.0626
2015,35,5,3,13.0165,0.9135,3,77,26,NA,27,0.0186,23,0.0306,30,0.0354,28,0.0402,29,0.0341
2015,35,5,5,17.5685,2.4115,5,94,43,NA,10,0.0125,26,0.0459,30,0.0301,52,0.0584,23,0.0175
2015,35,20,2,45.7893,13.6007,10,334,145,NA,28,0.0673,21,0.0136,27,0.036,30,0.0604,26,0.0376
2015,35,20,4,30.3039,6.2161,6,181,120,NA,29,0.0396,26,0.0361,25,0.0622,28,0.0331,26,0.0409
2015,35,20,5,35.4625,9.0375,8,220,87,NA,20,0.0281,23,0.0381,26,0.0635,27,0.0515,25,0.068
2015,35,100,1,32.7739,7.0461,8,211,96,NA,23,0.049,32,0.0808,26,0.0561,18,0.0391,19,0.0346
2015,35,100,4,63.1578,19.6522,9,435,222,NA,27,0.0619,16,0.0326,23,0.0464,19,0.0409,28,0.0692
2015,35,100,5,12.1596,1.0004,4,107,17,NA,15,0.0332,19,0.0357,18,0.0097,17,0.0104,23,0.03
2015,35,500,1,15.1627,3.0173,4,95,39,NA,18,0.0524,32,0.1058,29,0.0646,24,0.0413,33,0.1022
2015,35,500,4,52.0027,18.3473,8,438,123,NA,26,0.0634,26,0.0512,27,0.0699,27,0.0602,30,0.0605
2015,35,500,5,6.6235,2.3565,2,49,20,NA,22,0.0607,22,0.0394,24,0.0454,30,0.0533,26,0.0653
2015,36,5,1,14.0182,0.6818,4,135,30,NA,16,0.0241,12,0.0234,15,0.0139,16,0.0105,16,0.018
2015,36,5,2,20.1326,3.0374,4,129,27,NA,30,0.035,25,0.0389,29,0.04,23,0.0447,30,0.0854
2015,36,5,4,11.2,1.98,3,73,20,NA,23,0.0539,28,0.0178,33,0.0471,36,0.0541,32,0.0543
2015,36,20,1,18.0809,3.5891,5,123,21,NA,13,0.0102,9,0.021,24,0.0248,27,0.0564,28,0.0332
2015,36,20,3,13.0854,1.6946,4,96,26,NA,29,0.0333,25,0.0332,28,0.0386,24,0.0302,25,0.0399
2015,36,20,4,13.1902,1.1398,3,89,27,NA,22,0.0257,26,0.0438,18,0.0155,23,0.0191,33,0.0295
2015,36,100,1,41.0752,5.7448,6,255,37,NA,22,0.0091,33,0.024,29,0.0203,14,0.0122,31,0.0596
2015,36,100,4,26.134,2.116,4,200,44,NA,26,0.0124,31,0.0331,27,0.0146,33,0.0971,34,0.0818
2015,36,100,5,11.772,2.638,3,81,12,NA,28,0.0308,15,0.0151,24,0.0286,28,0.0447,30,0.0492
2015,36,500,1,21.1082,7.7718,4,190,89,NA,16,0.0411,11,0.0244,9,0.0344,9,0.0242,3,0.0136
2015,36,500,2,30.3895,10.2705,5,230,81,NA,27,0.0779,11,0.0305,19,0.0439,16,0.0405,22,0.0486
2015,36,500,4,6.6638,1.8562,2,57,12,NA,23,0.0525,31,0.0695,24,0.0455,26,0.0413,27,0.0534
2015,37,5,2,9.7884,0.9216,2,35,20,NA,23,0.0192,28,0.0377,32,0.0753,36,0.0731,31,0.0575
2015,37,5,3,18.308,2.712,5,89,33,NA,23,0.0276,31,0.0452,35,0.0659,36,0.0718,37,0.1094
2015,37,5,4,22.6085,5.4915,4,132,49,NA,35,0.1576,24,0.0308,28,0.0416,24,0.0312,24,0.0522
2015,37,20,1,65.0244,27.2956,10,392,196,NA,31,0.0975,22,0.0624,26,0.0784,26,0.0849,19,0.0528
2015,37,20,3,17.9632,5.8168,3,98,24,NA,30,0.0788,31,0.0875,24,0.0732,28,0.0757,34,0.1217
2015,37,20,4,70.8826,24.9574,8,403,112,NA,41,0.1483,36,0.1138,29,0.0753,26,0.0402,35,0.1103
2015,37,100,1,20.6525,8.7875,6,107,45,NA,31,0.1492,26,0.0933,23,0.0971,25,0.0843,27,0.0875
2015,37,100,4,47.5572,21.3728,7,314,129,NA,29,0.0893,35,0.1593,21,0.0801,31,0.0835,32,0.1232
2015,37,100,5,11.3697,2.2403,4,59,14,NA,27,0.0634,31,0.0444,27,0.0548,13,0.0166,24,0.0643
2015,37,500,2,41.7486,20.7314,7,329,107,NA,19,0.0553,18,0.0533,25,0.0685,27,0.0703,23,0.0582
2015,37,500,4,24.4639,10.9661,6,160,52,NA,29,0.1044,21,0.0571,26,0.0916,19,0.0609,25,0.096
2015,37,500,5,19.1255,8.1945,5,129,38,NA,17,0.0685,20,0.0715,25,0.0871,20,0.0542,25,0.0763
2015,38,5,1,16.1224,6.0576,6,102,44,NA,31,0.066,27,0.0712,26,0.0636,29,0.0609,36,0.1201
2015,38,5,3,25.707,9.003,8,197,74,NA,28,0.0652,24,0.0928,26,0.0865,24,0.0595,25,0.0545
2015,38,5,4,70.4271,16.5529,10,487,103,NA,12,0.0433,24,0.0664,23,0.0766,18,0.0357,23,0.0581
2015,38,20,2,34.8976,5.8024,8,195,114,NA,29,0.0271,29,0.0385,30,0.0396,30,0.0498,25,0.0267
2015,38,20,3,48.0589,7.4911,9,226,96,NA,21,0.0309,30,0.0312,34,0.0912,29,0.0236,32,0.0415
2015,38,20,4,13.5454,0.8346,4,68,43,NA,30,0.0174,11,0.0257,29,0.0342,35,0.0246,32,0.049
2015,38,100,2,25.9922,8.9378,6,175,66,NA,20,0.0479,29,0.0695,27,0.0825,28,0.0715,29,0.0684
2015,38,100,3,17.6162,6.7638,4,91,18,NA,26,0.0646,9,0.0447,22,0.0374,30,0.1521,28,0.1491
2015,38,100,4,24.6072,11.5528,5,177,48,NA,28,0.068,37,0.1228,29,0.0702,30,0.0744,32,0.0804
2015,38,500,1,56.3086,33.4514,6,411,135,NA,37,0.1066,22,0.0495,31,0.0936,31,0.0976,30,0.1162
2015,38,500,4,9.9516,6.1684,4,81,46,NA,31,0.1092,33,0.1046,26,0.1015,23,0.0837,24,0.0787
2015,38,500,5,13.3984,7.0116,4,116,54,NA,28,0.0682,23,0.1011,29,0.0992,31,0.0864,26,0.0694
2015,39,5,3,21.609,10.181,6,173,74,NA,8,0.0125,26,0.0592,32,0.0733,24,0.0424,31,0.091
2015,39,5,4,55.0548,25.0952,8,395,110,NA,27,0.0533,26,0.0757,33,0.0674,6,0.0135,26,0.0673
2015,39,5,5,13.0189,7.1311,5,105,64,NA,25,0.0986,27,0.0869,29,0.1061,32,0.1175,28,0.1153
2015,39,20,1,24.7253,10.2447,5,159,61,NA,19,0.0307,27,0.086,25,0.0754,27,0.0961,26,0.0701
2015,39,20,2,17.6326,6.5674,4,125,33,NA,15,0.0379,24,0.0749,29,0.084,28,0.1106,29,0.1058
2015,39,20,5,26.9472,11.2528,6,172,48,NA,29,0.088,30,0.0917,30,0.0716,27,0.0667,29,0.0895
2015,39,100,1,20.5997,7.7303,6,129,66,NA,14,0.0276,28,0.075,20,0.074,28,0.0697,25,0.085
2015,39,100,2,9.0537,3.4363,4,52,48,NA,24,0.07,24,0.0199,24,0.0652,34,0.1312,22,0.0595
2015,39,100,5,8.3671,2.4929,4,56,39,NA,10,0.0316,23,0.085,26,0.0743,23,0.061,28,0.0723
2015,39,500,1,34.3829,15.4371,7,222,122,NA,2,0.007,27,0.1068,30,0.1072,28,0.0718,27,0.0736
2015,39,500,4,38.2685,14.7515,8,271,116,NA,8,0.0386,32,0.1435,19,0.0542,34,0.1289,30,0.0952
2015,39,500,5,36.4792,19.0708,6,282,76,NA,25,0.0915,28,0.0838,24,0.083,21,0.0573,22,0.0702
2015,51,5,2,18.4509,11.4091,6,165,116,NA,32,0.1165,8,0.0326,23,0.0912,18,0.0614,18,0.0769
2015,51,5,4,10.7692,2.8508,6,105,39,NA,19,0.0239,16,0.0331,21,0.0335,26,0.0878,22,0.0821
2015,51,5,5,25.5738,16.3362,7,203,94,NA,35,0.1543,29,0.1241,25,0.0905,19,0.0748,18,0.0675
2015,51,20,1,13.3679,5.4321,6,96,64,NA,17,0.084,21,0.0902,26,0.0726,15,0.0594,26,0.0977
2015,51,20,3,8.2216,3.5884,4,70,71,NA,34,0.1244,6,0.0258,16,0.0545,18,0.0615,28,0.0898
2015,51,20,5,10.0799,5.3601,4,88,48,NA,5,0.0261,24,0.0969,7,0.0233,6,0.0225,27,0.1014
2015,51,100,2,15.9526,7.8974,6,150,83,NA,28,0.0747,31,0.1658,38,0.168,33,0.1417,41,0.1818
2015,51,100,4,13.9619,5.1981,4,107,46,NA,14,0.0716,22,0.0432,31,0.1207,24,0.0882,15,0.0684
2015,51,100,5,22.4942,7.2758,4,156,112,NA,32,0.1037,21,0.065,6,0.0369,27,0.1488,29,0.1441
2015,51,500,1,31.8186,9.2114,7,264,112,NA,16,0.0427,36,0.1514,35,0.0215,39,0.1193,20,0.0616
2015,51,500,2,11.275,3.835,4,99,41,NA,14,0.0341,17,0.0503,5,0.0173,14,0.0404,33,0.0657
2015,51,500,5,20.0698,7.8002,4,129,40,NA,33,0.1162,32,0.0982,38,0.1421,32,0.156,38,0.1487
2015,52,5,1,5.0871,3.8029,2,43,13,NA,36,0.15,16,0.0729,35,0.145,27,0.1231,31,0.1316
2015,52,5,3,16.5833,9.2867,5,143,28,NA,35,0.1367,27,0.0949,27,0.1076,7,0.0334,29,0.0856
2015,52,5,5,4.1627,2.6273,2,39,19,NA,26,0.0954,27,0.1066,24,0.0882,23,0.0867,31,0.1132
2015,52,20,1,17.3769,4.4331,4,166,50,NA,26,0.0425,21,0.0613,22,0.0245,19,0.0367,27,0.048
2015,52,20,2,4.0409,1.2391,3,42,14,NA,26,0.1251,26,0.037,20,0.094,25,0.114,26,0.134
2015,52,20,4,11.1405,3.4895,4,102,26,NA,23,0.0258,23,0.0395,26,0.062,25,0.0682,30,0.0379
2015,52,100,3,12.5595,4.9605,3,98,18,NA,31,0.1368,24,0.0241,19,0.0505,19,0.0435,25,0.0248
2015,52,100,4,34.0397,14.3103,6,322,85,NA,24,0.0343,21,0.0312,26,0.0896,25,0.0381,17,0.0243
2015,52,100,5,33.8581,12.3519,6,269,50,NA,27,0.0434,27,0.1086,28,0.0356,30,0.0731,11,0.0613
2015,52,500,2,17.2234,7.7266,4,157,64,NA,12,0.0439,29,0.0524,31,0.139,30,0.1412,34,0.0987
2015,52,500,3,22.8903,9.1597,5,193,78,NA,13,0.0265,11,0.049,19,0.0527,20,0.0398,24,0.0412
2015,52,500,4,28.8422,12.6778,4,281,87,NA,31,0.1568,22,0.0486,33,0.1149,13,0.032,30,0.0873
2015,53,5,2,42.4902,14.6198,5,419,261,NA,20,0.0706,23,0.0463,31,0.1536,32,0.0879,36,0.1784
2015,53,5,3,26.4802,6.1698,4,200,138,NA,24,0.1045,26,0.0555,19,0.0539,27,0.1037,26,0.0581
2015,53,5,5,16.0579,7.7121,6,114,37,NA,32,0.1099,30,0.0873,36,0.0923,28,0.0443,43,0.2199
2015,53,20,2,9.3382,4.0518,3,63,12,NA,21,0.0557,25,0.0887,30,0.1188,29,0.0742,24,0.0724
2015,53,20,4,5.3871,0.8229,3,47,37,NA,16,0.0123,22,0.0923,20,0.0408,21,0.0329,16,0.0223
2015,53,20,5,10.0888,1.5712,3,60,13,NA,16,0.0076,30,0.0481,31,0.04,30,0.0424,30,0.0399
2015,53,100,3,17.7417,7.3983,5,135,61,NA,15,0.0567,32,0.0756,33,0.1238,35,0.1231,25,0.0626
2015,53,100,4,12.5224,6.1576,2,105,45,NA,27,0.1017,31,0.1183,21,0.0677,28,0.1414,26,0.0922
2015,53,100,5,14.2151,7.2949,3,103,23,NA,23,0.1172,31,0.1075,34,0.0937,29,0.0882,30,0.0996
2015,53,500,1,20.376,10.904,6,197,45,NA,14,0.0208,29,0.0799,30,0.0833,24,0.0804,5,0.0181
2015,53,500,4,23.0422,10.7478,5,142,26,NA,26,0.0919,26,0.1077,16,0.032,30,0.1477,28,0.1367
2015,53,500,5,50.6049,28.4651,6,421,78,NA,34,0.0969,32,0.1026,26,0.0844,29,0.0777,25,0.0961
2015,54,5,3,5.098,2.482,3,47,9,NA,16,0.0487,18,0.0858,7,0.0315,16,0.0526,28,0.0836
2015,54,5,4,22.7364,12.1836,6,165,55,NA,9,0.0534,25,0.0632,28,0.0841,26,0.0645,34,0.162
2015,54,5,5,2.5286,1.1414,2,30,12,NA,21,0.0482,11,0.0371,8,0.0184,15,0.0462,20,0.0821
2015,54,20,2,30.1516,17.0684,5,206,47,NA,36,0.1251,23,0.1373,19,0.0936,27,0.0943,36,0.1096
2015,54,20,4,16.288,8.862,4,140,60,NA,30,0.0756,31,0.073,31,0.1251,17,0.0688,32,0.0964
2015,54,20,5,8.0894,4.6106,4,74,45,NA,30,0.0819,26,0.0618,29,0.0775,28,0.0771,23,0.0828
2015,54,100,1,5.7034,3.9066,2,56,11,NA,23,0.0868,25,0.1066,16,0.0637,17,0.0523,22,0.0923
2015,54,100,2,15.4486,8.5114,4,127,18,NA,24,0.0752,32,0.1244,28,0.1238,34,0.0885,32,0.1158
2015,54,100,5,13.1664,7.4536,4,125,31,NA,12,0.0313,32,0.0878,25,0.0635,27,0.0761,30,0.0714
2015,54,500,1,15.5377,8.2423,4,114,31,NA,28,0.0831,22,0.0872,25,0.0923,14,0.0333,23,0.0657
2015,54,500,4,10.9044,6.2656,2,79,11,NA,24,0.0876,31,0.1603,20,0.0687,27,0.0874,26,0.0763
2015,54,500,5,8.7366,5.2034,3,83,32,NA,27,0.0755,24,0.0774,25,0.0613,26,0.0795,26,0.0865
2015,55,5,1,5.9861,0.4139,4,36,39,NA,14,0.0116,7,0.0075,27,0.042,13,0.0187,25,0.0465
2015,55,5,2,43.9234,10.5366,11,312,76,NA,22,0.0349,25,0.0768,26,0.0485,29,0.0571,29,0.0828
2015,55,5,4,17.4662,3.2638,7,112,48,NA,24,0.032,28,0.0464,29,0.056,22,0.0414,44,0.1101
2015,55,20,1,42.7422,15.1878,9,366,120,NA,21,0.0467,28,0.0609,24,0.0621,28,0.0902,29,0.0528
2015,55,20,2,28.0529,10.1171,7,249,97,NA,29,0.048,13,0.0246,28,0.0804,31,0.0745,23,0.0728
2015,55,20,3,35.624,10.766,7,273,133,NA,9,0.0173,28,0.0641,21,0.0469,27,0.0585,27,0.0498
2015,55,100,1,5.9098,1.2802,4,51,23,NA,20,0.0424,7,0.0081,24,0.0831,24,0.0522,15,0.0294
2015,55,100,2,9.0284,4.0916,4,94,40,NA,28,0.0681,27,0.0868,17,0.0612,28,0.0886,26,0.0983
2015,55,100,5,12.2946,2.7354,5,95,32,NA,24,0.0208,19,0.0409,20,0.013,23,0.0767,21,0.0331
2015,55,500,2,24.3336,10.7864,6,216,76,NA,21,0.0647,24,0.0863,24,0.0568,24,0.0661,18,0.041
2015,55,500,3,27.3863,9.7237,6,181,46,NA,24,0.0929,12,0.0617,27,0.1219,26,0.1313,24,0.0627
2015,55,500,5,8.2223,1.5277,3,54,11,NA,19,0.0444,18,0.0722,15,0.0687,27,0.1048,30,0.0958
2015,56,5,1,50.2251,14.6149,11,419,211,NA,24,0.0139,13,0.0223,16,0.0062,18,0.0348,18,0.0415
2015,56,5,3,27.614,8.536,8,264,143,NA,16,0.0329,12,0.0166,22,0.0736,24,0.0599,23,0.0727
2015,56,5,4,19.521,6.869,6,186,103,NA,23,0.0365,24,0.035,28,0.091,31,0.1101,25,0.0607
2015,56,20,1,43.9081,12.3119,8,284,131,NA,30,0.0208,27,0.0766,20,0.0297,28,0.0834,29,0.0477
2015,56,20,2,63.2322,25.2478,7,487,199,NA,15,0.0318,36,0.0897,32,0.1087,18,0.0747,28,0.0608
2015,56,20,3,7.8267,1.5633,2,48,27,NA,22,0.0592,16,0.0405,6,0.0137,13,0.0174,14,0.0245
2015,56,100,1,24.5048,6.0352,9,226,131,NA,23,0.0637,10,0.0252,34,0.0764,12,0.0213,19,0.0297
2015,56,100,3,26.1251,6.4549,10,241,170,NA,29,0.0725,33,0.0644,19,0.041,24,0.0471,24,0.0578
2015,56,100,5,4.1775,1.0025,2,33,30,NA,20,0.0406,24,0.0535,28,0.0485,24,0.0672,5,0.0095
2015,56,500,2,51.528,10.212,8,373,96,NA,11,0.0152,11,0.0273,28,0.0379,21,0.066,27,0.0537
2015,56,500,3,4.8065,1.1635,3,35,35,NA,25,0.0755,29,0.0648,21,0.0829,22,0.0606,20,0.0623
2015,56,500,5,57.2219,6.6281,8,268,93,NA,3,0.006,25,0.0711,26,0.0566,19,0.021,28,0.0924
2015,57,5,1,40.1606,16.5394,7,318,120,NA,35,0.0923,30,0.0816,25,0.0276,24,0.0681,17,0.0521
2015,57,5,3,52.0912,22.9088,8,427,99,NA,14,0.0305,17,0.0279,23,0.027,25,0.0652,33,0.0872
2015,57,5,4,34.0328,15.7772,6,285,111,NA,24,0.0265,29,0.0855,32,0.101,31,0.0525,28,0.1113
2015,57,20,1,17.3017,9.2183,4,151,59,NA,21,0.0599,31,0.0735,19,0.0645,33,0.0852,29,0.0852
2015,57,20,2,8.4144,2.8256,3,78,47,NA,19,0.0741,20,0.0442,25,0.0694,19,0.0502,25,0.0623
2015,57,20,5,90.4449,33.7651,6,838,208,NA,33,0.0941,32,0.0347,19,0.0262,13,0.0574,28,0.0494
2015,57,100,1,107.6647,47.8953,7,892,202,NA,31,0.1713,15,0.0549,31,0.0842,28,0.0986,37,0.0967
2015,57,100,2,48.5828,24.2072,5,391,119,NA,31,0.0629,25,0.1069,20,0.0922,27,0.1419,33,0.0821
2015,57,100,5,30.361,14.409,5,243,79,NA,31,0.112,34,0.0767,33,0.0851,20,0.0619,28,0.0611
2015,57,500,1,75.3201,34.1399,8,649,221,NA,25,0.0948,29,0.0576,32,0.0649,24,0.0461,31,0.1095
2015,57,500,3,12.6563,6.6737,3,131,51,NA,22,0.045,27,0.0518,27,0.102,28,0.0637,30,0.101
2015,57,500,5,13.4119,6.4981,5,135,51,NA,27,0.0477,32,0.0611,33,0.0664,24,0.0433,24,0.0466
2015,58,5,1,27.955,11.795,6,237,93,NA,26,0.0337,16,0.0192,33,0.1117,19,0.0661,31,0.117
2015,58,5,3,11.8198,4.6702,5,114,53,NA,21,0.0288,30,0.0995,30,0.09,27,0.0525,24,0.0845
2015,58,5,5,17.0266,7.1834,7,164,88,NA,18,0.0523,35,0.1083,29,0.0978,29,0.0927,29,0.1003
2015,58,20,2,4.2229,2.4971,3,57,25,NA,26,0.0634,17,0.0309,17,0.0393,11,0.0271,21,0.0596
2015,58,20,3,19.2401,9.9999,5,185,36,NA,19,0.0411,30,0.0972,22,0.0543,24,0.0616,27,0.0757
2015,58,20,4,14.336,8.014,6,146,41,NA,19,0.0261,33,0.0875,20,0.0375,31,0.082,28,0.0874
2015,58,100,1,5.1631,2.4869,6,64,41,NA,8,0.032,16,0.0611,17,0.0478,22,0.0794,27,0.0984
2015,58,100,3,11.2715,5.5685,7,121,78,NA,14,0.0376,18,0.046,13,0.0519,26,0.085,15,0.044
2015,58,100,4,11.7057,6.0843,7,109,62,NA,27,0.0886,23,0.0915,11,0.0378,33,0.1117,17,0.0505
2015,58,500,1,29.6111,15.6389,6,279,37,NA,26,0.0619,24,0.079,23,0.0723,30,0.0852,24,0.0594
2015,58,500,4,31.0219,20.8781,8,301,93,NA,15,0.0641,25,0.1006,25,0.0728,31,0.0972,24,0.1036
2015,58,500,5,20.7034,11.8266,6,184,45,NA,32,0.1192,26,0.1092,22,0.0802,26,0.093,26,0.0901
2015,59,5,2,8.839,3.971,4,94,23,NA,25,0.0621,22,0.0538,20,0.0522,22,0.0521,29,0.0681
2015,59,5,3,38.1141,16.5159,8,370,73,NA,23,0.082,13,0.051,18,0.0612,15,0.0511,24,0.0941
2015,59,5,4,4.5904,2.3096,6,49,20,NA,18,0.054,14,0.0498,23,0.0681,39,0.1067,24,0.0801
2015,59,20,1,12.399,4.981,7,96,11,NA,22,0.0554,15,0.0314,28,0.073,24,0.0711,22,0.0888
2015,59,20,3,7.2984,2.2816,6,64,16,NA,25,0.0809,22,0.0727,15,0.0538,21,0.0703,24,0.0853
2015,59,20,4,7.7531,2.9669,5,72,32,NA,21,0.0553,19,0.0509,12,0.0316,21,0.0564,28,0.1234
2015,59,100,1,6.2927,0.1073,4,5,9,NA,4,0.0047,3,0.0123,10,0.0319,16,0.0605,NA,NA
2015,59,100,4,5.0376,1.1324,4,43,17,NA,14,0.0445,15,0.0578,17,0.0599,21,0.0723,21,0.068
2015,59,100,5,3.3341,0.1259,4,13,11,NA,20,0.0713,1,0.0023,4,0.0082,4,0.0047,2,0.0055
2015,59,500,1,7.5046,4.0354,5,83,27,NA,17,0.0564,14,0.0463,5,0.0167,25,0.0896,29,0.1284
2015,59,500,4,8.8883,4.6817,5,90,23,NA,19,0.0562,19,0.0653,17,0.0672,16,0.0554,20,0.0701
2015,59,500,5,9.2542,3.5358,5,85,32,NA,2,0.0098,15,0.0633,27,0.1192,21,0.082,21,0.1008
2015,40,5,1,10.701,6.099,3,86,24,NA,28,0.0842,24,0.0665,26,0.0897,23,0.1035,25,0.0552
2015,40,5,2,7.2846,3.1454,5,81,38,NA,20,0.0563,25,0.0643,22,0.0543,18,0.0709,21,0.0521
2015,40,5,3,17.0348,8.1352,6,131,52,NA,30,0.0796,32,0.1127,27,0.0932,26,0.0647,24,0.0662
2015,40,20,1,14.0094,7.1006,7,125,55,NA,23,0.0663,21,0.0645,28,0.0732,28,0.0799,21,0.0758
2015,40,20,2,8.4087,3.7913,5,76,32,NA,19,0.0418,14,0.0675,26,0.0824,26,0.0804,27,0.0992
2015,40,20,4,6.3367,2.0433,3,50,29,NA,19,0.0624,26,0.0802,23,0.07,27,0.0836,32,0.1081
2015,40,100,1,67.5907,24.4293,5,440,131,NA,24,0.0495,30,0.0688,27,0.0592,17,0.0449,31,0.0492
2015,40,100,4,66.5321,22.2979,10,472,211,NA,22,0.0367,26,0.0721,28,0.0537,21,0.0604,28,0.0651
2015,40,100,5,60.9713,24.0287,9,493,156,NA,25,0.0659,23,0.0485,28,0.0574,30,0.0777,33,0.0818
2015,40,500,2,44.3396,18.7104,6,318,157,NA,16,0.0386,31,0.0874,8,0.026,6,0.0234,29,0.0779
2015,40,500,3,34.8152,14.3148,7,231,94,NA,33,0.0744,33,0.0907,27,0.0686,30,0.0728,32,0.0776
2015,40,500,4,19.7037,6.2963,6,121,52,NA,28,0.0582,29,0.0791,31,0.0671,33,0.0677,23,0.0491
2015,41,5,2,10.2892,2.8608,5,61,24,NA,21,0.0433,31,0.0629,23,0.0678,11,0.0259,26,0.0661
2015,41,5,3,7.9156,1.6144,3,41,20,NA,22,0.0177,14,0.0128,33,0.0637,22,0.028,24,0.0357
2015,41,5,5,4.2371,1.9829,1,31,14,NA,23,0.0651,29,0.0843,25,0.0788,22,0.0571,36,0.1221
2015,41,20,2,6.5927,3.5173,3,58,14,NA,24,0.0849,22,0.0686,26,0.0641,27,0.0771,20,0.0667
2015,41,20,3,11.1457,2.2343,4,72,27,NA,35,0.0691,26,0.038,30,0.0509,31,0.0627,28,0.0679
2015,41,20,5,7.2066,3.0634,3,60,16,NA,22,0.0934,28,0.0863,19,0.0412,18,0.0757,26,0.1013
2015,41,100,1,8.3332,1.9968,2,39,3,NA,28,0.1029,36,0.1189,32,0.0826,26,0.0774,27,0.0328
2015,41,100,3,27.4448,8.3152,7,149,30,NA,38,0.1243,27,0.0741,32,0.1003,25,0.0371,27,0.0451
2015,41,100,5,16.6044,5.4556,4,107,23,NA,31,0.0951,20,0.0409,24,0.0803,34,0.1134,26,0.045
2015,41,500,2,20.1126,8.7874,4,139,75,NA,23,0.0614,24,0.0619,30,0.0837,27,0.0758,30,0.0914
2015,41,500,3,14.4711,5.4489,4,101,26,NA,31,0.0885,26,0.0404,28,0.0721,28,0.0511,30,0.1045
2015,41,500,4,6.1207,1.4093,2,28,3,NA,27,0.0636,33,0.0887,28,0.0639,34,0.0811,23,0.0425
2015,42,5,1,13.6494,3.6806,4,71,36,NA,18,0.0283,21,0.0923,24,0.0867,17,0.0366,29,0.1407
2015,42,5,3,9.5945,5.4255,4,74,24,NA,21,0.0584,9,0.0225,24,0.0671,18,0.0428,33,0.117
2015,42,5,5,5.9199,2.6701,2,33,11,NA,30,0.1453,28,0.1395,32,0.1619,20,0.0823,22,0.0935
2015,42,20,2,18.5734,9.6566,5,110,51,NA,22,0.0915,27,0.1318,23,0.1022,19,0.082,24,0.0973
2015,42,20,4,10.0179,3.5421,4,50,5,NA,26,0.1156,14,0.0647,16,0.0313,21,0.1091,25,0.1131
2015,42,20,5,12.5777,4.8023,4,56,14,NA,31,0.0877,25,0.0661,20,0.0837,38,0.2054,29,0.1343
2015,42,100,1,26.5932,12.0268,3,173,43,NA,25,0.0656,34,0.127,28,0.0889,27,0.0839,20,0.0536
2015,42,100,4,23.7137,10.3763,5,144,36,NA,26,0.0764,19,0.0653,21,0.0586,29,0.1022,31,0.0944
2015,42,100,5,16.0137,7.3263,5,104,41,NA,29,0.092,33,0.0881,33,0.1374,29,0.1013,29,0.0883
2015,42,500,1,5.1295,2.6005,4,39,29,NA,29,0.0899,20,0.0645,26,0.0808,26,0.0663,30,0.0926
2015,42,500,3,23.7357,10.8843,6,136,35,NA,24,0.0636,37,0.1398,32,0.0798,28,0.0586,32,0.1284
2015,42,500,4,23.3237,10.0663,4,137,43,NA,29,0.1023,24,0.0864,27,0.0619,17,0.0416,25,0.0834
2015,43,5,1,19.1824,9.8576,4,127,39,NA,22,0.0783,20,0.0611,27,0.0947,27,0.0721,32,0.0886
2015,43,5,2,13.579,7.931,4,98,46,NA,24,0.088,31,0.1015,22,0.0557,29,0.0934,26,0.0845
2015,43,5,3,6.1757,2.7843,4,43,27,NA,26,0.1009,21,0.0788,21,0.0688,23,0.0968,25,0.0943
2015,43,20,3,8.8914,5.3286,3,66,18,NA,22,0.0805,29,0.1118,24,0.0869,21,0.0846,29,0.1191
2015,43,20,4,7.8434,2.5766,3,38,3,NA,24,0.0448,26,0.0891,32,0.0787,37,0.116,29,0.0806
2015,43,20,5,10.388,7.132,3,70,11,NA,25,0.1213,19,0.0763,31,0.1475,32,0.1358,30,0.1221
2015,43,100,1,10.3567,5.5433,5,64,28,NA,25,0.1012,31,0.1275,31,0.12,30,0.1303,26,0.1147
2015,43,100,2,13.6858,7.7642,6,94,48,NA,5,0.0178,27,0.1029,22,0.0657,29,0.106,30,0.1129
2015,43,100,3,28.8096,15.4504,5,169,35,NA,29,0.1464,33,0.1292,30,0.0769,28,0.1123,31,0.1403
2015,43,500,3,19.563,11.627,5,157,76,NA,26,0.0955,29,0.0846,25,0.0803,23,0.0777,22,0.0698
2015,43,500,4,20.5934,11.1566,5,148,44,NA,20,0.0721,22,0.063,27,0.0886,12,0.0236,21,0.0753
2015,43,500,5,22.3316,13.3284,5,172,76,NA,19,0.073,28,0.117,33,0.1469,32,0.1388,27,0.1491
2015,44,5,3,25.5783,8.2817,7,108,34,NA,34,0.0916,33,0.0996,34,0.0627,38,0.0581,38,0.0785
2015,44,5,4,15.813,4.747,4,170,65,NA,39,0.1255,24,0.0314,27,0.0341,30,0.0749,36,0.0992
2015,44,5,5,10.2245,4.9555,4,75,35,NA,32,0.0768,26,0.0562,30,0.1081,32,0.0759,34,0.105
2015,44,20,1,4.3202,0.6398,2,41,8,NA,14,0.0244,16,0.034,12,0.0214,16,0.0126,15,0.0233
2015,44,20,2,14.7932,4.0168,4,78,23,NA,31,0.045,27,0.0276,38,0.093,23,0.0175,34,0.0518
2015,44,20,5,23.2305,4.5295,8,111,43,NA,17,0.0213,32,0.0631,34,0.0713,31,0.0343,27,0.0719
2015,44,100,1,6.1021,2.3279,5,38,18,NA,28,0.0642,28,0.0752,32,0.0852,22,0.0801,28,0.0754
2015,44,100,3,11.81,4.47,6,66,34,NA,29,0.0693,30,0.1007,32,0.1011,28,0.1056,34,0.0905
2015,44,100,5,15.0664,7.0936,2,81,18,NA,29,0.0688,34,0.1006,30,0.0957,31,0.089,35,0.1123
2015,44,500,2,18.0222,6.9378,4,91,34,NA,12,0.0202,32,0.0889,31,0.0693,30,0.0925,27,0.0969
2015,44,500,3,10.4989,3.5711,3,61,18,NA,26,0.0672,27,0.0697,20,0.0475,30,0.0977,28,0.0797
2015,44,500,4,17.2842,8.3958,5,125,25,NA,28,0.0916,29,0.0703,29,0.0776,38,0.1239,36,0.1329
2015,45,5,1,12.7376,3.3424,3,71,51,NA,28,0.0712,22,0.0418,29,0.0699,27,0.082,32,0.1176
2015,45,5,4,8.9657,3.0843,4,49,27,NA,23,0.061,30,0.0878,28,0.0832,25,0.058,26,0.0695
2015,45,5,5,12.5884,2.9116,5,67,35,NA,22,0.0699,29,0.0785,29,0.0897,32,0.066,30,0.1111
2015,45,20,1,4.564,1.626,1,24,7,NA,34,0.138,31,0.1049,35,0.1444,28,0.0922,30,0.1156
2015,45,20,2,23.3748,3.1152,6,85,58,NA,32,0.1259,27,0.0951,33,0.0679,29,0.0818,31,0.0915
2015,45,20,5,20.5198,7.6902,6,124,66,NA,37,0.1346,31,0.1107,27,0.0794,22,0.0569,31,0.1008
2015,45,100,1,14.9993,2.4707,6,73,22,NA,32,0.0555,32,0.091,27,0.0468,32,0.0695,21,0.0491
2015,45,100,3,24.9908,6.8692,8,122,55,NA,27,0.0549,21,0.0331,32,0.0621,32,0.0524,34,0.1257
2015,45,100,4,11.3753,3.8047,4,68,18,NA,27,0.0551,32,0.1143,28,0.0692,28,0.0794,27,0.0666
2015,45,500,2,12.0965,3.6235,5,56,32,NA,33,0.1114,29,0.0791,33,0.0907,34,0.102,33,0.1004
2015,45,500,4,18.8424,5.9976,7,107,68,NA,19,0.0356,26,0.0773,21,0.0506,26,0.0676,28,0.1035
2015,45,500,5,13.2428,3.3572,5,84,48,NA,24,0.0585,31,0.073,16,0.0468,20,0.052,35,0.103
2015,46,5,3,12.2642,4.8758,6,79,44,NA,30,0.0885,19,0.0535,29,0.0959,26,0.0866,27,0.1032
2015,46,5,4,10.0906,0.5394,4,34,21,NA,30,0.0481,31,0.0443,32,0.0493,33,0.0226,37,0.1802
2015,46,5,5,14.0578,4.8322,4,76,30,NA,28,0.0907,10,0.0184,29,0.0948,27,0.0743,28,0.092
2015,46,20,1,28.5093,2.6707,8,133,53,NA,30,0.0102,34,0.0791,16,0.0891,27,0.0249,24,0.0431
2015,46,20,4,21.4765,0.8535,7,85,52,NA,12,0.0054,16,0.0029,30,0.0133,29,0.0268,33,0.0232
2015,46,20,5,2.6483,0.1217,4,15,6,NA,14,0.0325,7,0.0077,6,0.0041,4,0.0052,19,0.0091
2015,46,100,1,13.9453,3.8247,5,82,35,NA,30,0.1546,31,0.1303,29,0.0878,27,0.0912,28,0.085
2015,46,100,3,13.9578,3.4422,3,76,27,NA,27,0.058,14,0.0225,30,0.0777,27,0.0431,34,0.1223
2015,46,100,4,9.128,0.352,3,41,18,NA,32,0.0186,26,0.0354,30,0.0187,30,0.0177,29,0.0401
2015,46,500,1,2.7286,0.5014,3,30,15,NA,16,0.0377,11,0.0208,11,0.0154,20,0.0234,23,0.0718
2015,46,500,3,5.7083,1.6717,2,37,20,NA,21,0.0663,26,0.0879,27,0.0909,28,0.0966,23,0.1153
2015,46,500,4,3.6237,1.1463,2,26,18,NA,7,0.0056,10,0.0093,32,0.0972,25,0.0703,30,0.0901
