Year,Field,Distance,EdgeCent,Plant,VegMass,SeedMass,Branch,Pods,Missing,PodCount1,PodMass1,PodCount2,PodMass2,PodCount3,PodMass3,PodCount4,PodMass4,PodCount5,PodMass5
2015,8,5,Edge,1,23.8591,11.1409,7,218,136,36,0.1558,29,0.1394,12,0.0446,14,0.0619,25,0.0857
2015,8,5,Edge,2,13.9434,6.7566,6,134,61,18,0.0859,21,0.0774,28,0.1007,32,0.1366,23,0.1296
2015,8,5,Edge,3,14.7701,5.5299,6,143,68,14,0.0591,32,0.0772,16,0.0686,15,0.0829,1,0.0025
2015,8,5,Center,1,7.1479,0.5521,6,64,56,11,0.0106,12,0.0082,8,0.015,15,0.0125,16,0.018
2015,8,5,Center,2,37.1092,9.8908,7,417,104,24,0.0791,24,0.1004,7,0.0387,15,0.0688,7,0.0428
2015,8,5,Center,3,31.4804,11.6196,6,321,123,24,0.0842,28,0.1391,17,0.0806,15,0.0844,19,0.0934
2015,8,20,Edge,1,38.2186,14.5814,7,369,109,16,0.085,25,0.1338,28,0.0671,20,0.0869,20,0.0528
2015,8,20,Edge,2,10.2687,1.7313,5,106,40,12,0.0153,27,0.0826,20,0.0316,8,0.0053,6,0.0271
2015,8,20,Edge,3,7.3458,1.6542,4,55,73,20,NA,7,NA,11,NA,2,NA,4,NA
2015,8,100,Edge,1,15.9004,6.8296,5,127,70,27,0.0812,30,0.1568,25,0.1012,13,0.043,29,0.01248
2015,8,100,Edge,2,2.8883,0.7517,5,22,4,18,0.0532,15,0.0591,16,0.0596,5,0.0143,2,0.0076
2015,8,100,Edge,3,18.8227,6.7173,6,161,61,26,0.1327,26,0.092,28,0.0717,5,0.0303,22,0.0841
2015,8,400,Edge,1,8.7228,1.1372,4,95,61,3,0.00412,27,0.0834,11,0.0463,22,0.0612,14,0.0524
2015,8,400,Edge,2,10.5352,2.7848,6,98,58,20,0.1136,18,0.0794,3,0.0213,4,0.0265,5,0.0268
2015,8,400,Edge,3,25.5426,6.8474,8,232,110,18,0.0673,16,0.0748,9,0.0595,3,0.0137,1,0.0033
2015,8,400,Center,1,7.2466,0.7834,4,71,55,18,0.0578,9,0.0212,4,0.0228,1,0.0025,1,0.0047
2015,8,400,Center,2,55.0032,4.2768,5,383,253,29,0.0593,16,0.0217,11,0.0178,4,0.0076,3,0.0007
2015,8,400,Center,3,36.6273,3.6427,5,309,176,13,0.0439,22,0.0246,12,0.01395,29,0.0067,6,0.0075
2015,9,5,Edge,1,46.5222,14.1678,15,433,102,19,0.0719,11,0.0229,18,0.0256,11,0.0122,5,0.0016
2015,9,5,Edge,2,61.2606,12.2994,10,631,302,7,0.0186,29,0.081,4,0.0126,14,0.0243,13,0.0233
2015,9,5,Edge,3,61.9924,18.9476,13,604,276,26,0.0887,13,0.0422,25,0.0805,37,0.115,31,0.0724
2015,9,5,Center,1,65.1094,16.4706,11,728,228,18,0.0326,2,0.0104,2,0.0107,3,0.0058,5,0.0011
2015,9,5,Center,2,12.7885,2.8515,5,140,92,5,0.015,28,0.0824,2,0.0072,19,0.0608,30,0.0935
2015,9,5,Center,3,7.3938,2.4662,6,94,45,28,0.0961,23,0.0771,24,0.1094,25,0.0845,18,0.0804
2015,9,20,Edge,1,7.2311,8.7389,7,169,56,11,0.0461,4,0.0172,29,0.0994,6,0.0242,18,0.0681
2015,9,20,Edge,2,26.8686,10.6214,7,238,107,16,0.056,8,0.0419,31,0.1318,21,0.075,14,0.0573
2015,9,20,Edge,3,13.3657,6.1443,6,115,56,4,0.0175,28,0.1029,10,0.0418,7,0.0404,10,0.0417
2015,9,100,Edge,1,8.5786,1.5214,4,99,52,27,0.0905,15,0.0278,23,0.0746,21,0.0212,8,0.0304
2015,9,100,Edge,2,57.8111,11.6889,12,638,461,NA,NA,NA,NA,NA,NA,NA,NA,NA,NA
2015,9,100,Edge,3,71.8759,22.5241,8,543,286,34,0.1611,24,0.1135,17,0.0986,22,0.0346,27,0.1369
2015,9,400,Edge,1,30.1309,10.6691,6,213,113,35,0.1786,24,0.0945,28,0.099,17,0.0207,20,0.0993
2015,9,400,Edge,2,17.0747,4.4253,6,114,165,19,0.0695,27,0.083,27,0.1198,10,0.0037,28,0.0772
2015,9,400,Edge,3,22.4553,7.4447,8,228,121,29,0.0894,30,0.0623,17,0.0644,22,0.041,5,0.0189
2015,9,400,Center,1,28.2331,6.5669,5,246,116,34,0.1382,10,0.0653,31,0.1177,5,0.0163,31,0.1434
2015,9,400,Center,2,17.8075,2.8925,4,176,77,15,0.0684,12,0.0642,3,0.0136,27,0.0846,20,0.0788
2015,9,400,Center,3,25.3959,4.1041,6,219,96,21,0.0966,16,0.0709,26,0.1029,26,0.0281,8,0.0437
2015,10,5,Edge,1,4.6349,1.2651,3,49,27,27,0.0235,2,0.0092,17,0.0313,23,0.0394,13,0.0299
2015,10,5,Edge,2,44.5366,18.2634,9,435,210,24,0.0702,17,0.0469,25,0.0451,16,0.0507,14,0.0276
2015,10,5,Edge,3,28.1898,9.2102,8,234,97,5,0.02,28,0.1266,20,0.0296,25,0.0892,30,0.0442
2015,10,5,Center,1,17.8531,4.3469,8,230,178,1,0.0047,8,0.0383,4,0.0199,6,0.0276,3,0.0152
2015,10,5,Center,2,29.6563,4.1437,12,277,247,3,0.0142,4,0.0244,11,0.0436,20,0.0161,7,0.0111
2015,10,5,Center,3,8.7514,1.9486,3,91,84,3,0.0036,8,0.0475,11,0.0556,21,0.1005,2,0.0121
2015,10,20,Edge,1,56.2209,20.0791,8,418,245,7,0.0419,26,0.1126,1,0.0041,29,0.0328,10,0.0271
2015,10,20,Edge,2,30.3872,11.3128,8,293,168,13,0.0581,22,0.0837,13,0.003,5,0.0256,27,0.0863
2015,10,20,Edge,3,32.3182,13.8818,7,340,138,6,0.0314,10,0.0442,18,0.0968,13,0.0548,26,0.0955
2015,10,100,Edge,1,21.3647,4.5353,7,165,125,22,0.0686,7,0.0358,8,0.0186,24,0.0983,3,0.011
2015,10,100,Edge,2,40.0005,15.5995,7,315,205,6,0.0229,13,0.041,31,0.1489,21,0.1076,6,0.0161
2015,10,100,Edge,3,47.9639,12.2361,6,394,225,23,0.0193,18,0.0903,13,0.026,2,0.0051,17,0.1047
2015,10,400,Edge,1,27.3485,5.3515,7,243,190,21,0.0467,4,0.0099,16,0.022,8,0.0226,2,0.0128
2015,10,400,Edge,2,22.4607,2.7393,9,220,260,6,0.0166,15,0.0446,21,0.0628,10,0.0242,3,0.0047
2015,10,400,Edge,3,6.6309,1.1691,5,76,87,17,0.0777,1,0.0055,11,0.0485,12,0.0375,10,0.0099
2015,10,400,Center,1,26.2669,3.9331,5,200,236,2,0.008,5,0.0055,5,0.0278,4,0.0279,18,0.0614
2015,10,400,Center,2,31.7655,5.2345,6,254,264,17,0.0925,23,0.1121,2,0.0037,5,0.0103,5,0.0242
2015,10,400,Center,3,8.2276,0.4724,5,71,86,4,0.0258,12,0.024,8,0.0354,3,0.0186,1,0.0034
2015,11,5,Edge,1,23.79,6.11,7,314,108,27,0.1141,24,0.0681,27,0.0292,18,0.0586,8,0.0241
2015,11,5,Edge,2,8.8108,0.9892,4,101,73,17,0.0462,9,0.0319,10,0.0228,7,0.0139,2,0.0069
2015,11,5,Edge,3,21.2496,5.3504,7,230,90,24,0.0853,9,0.0235,23,0.0503,25,0.1191,15,0.0488
2015,11,5,Center,1,1.1849,0.0151,2,10,28,2,0.0032,4,0.0042,2,0.0006,1,0.0023,1,0.0018
2015,11,5,Center,2,28.1282,3.9718,5,285,162,9,0.045,17,0.0303,8,0.0291,8,0.0262,5,0.0181
2015,11,5,Center,3,38.1128,7.8872,7,430,292,24,0.0603,17,0.0243,8,0.0415,25,0.0936,9,0.0419
2015,11,20,Edge,1,21.4214,9.8786,6,189,79,28,0.1286,12,0.0607,21,0.0722,18,0.0477,11,0.0433
2015,11,20,Edge,2,19.0935,9.0065,6,178,89,33,0.1235,13,0.0689,13,0.0448,16,0.0341,8,0.0088
2015,11,20,Edge,3,19.7301,5.9699,6,162,67,19,0.0342,18,0.0784,14,0.0612,8,0.0363,3,0.0072
2015,11,100,Edge,1,38.0157,9.8043,7,221,111,9,0.0166,9,0.0331,12,0.0161,6,0.0288,3,0.0159
2015,11,100,Edge,2,8.7047,1.6553,6,65,30,25,0.1041,15,0.0629,3,0.0206,3,0.0149,2,0.0053
2015,11,100,Edge,3,25.691,6.639,7,217,77,3,0.00412,7,0.0301,24,0.0523,8,0.0128,5,0.0013
2015,11,400,Edge,1,31.0376,4.9924,9,244,117,16,0.0728,11,0.0195,18,0.0897,26,0.1329,5,0.0328
2015,11,400,Edge,2,25.6948,5.5852,8,186,102,26,0.1339,10,0.0352,17,0.0924,4,0.0109,7,0.0081
2015,11,400,Edge,3,26.1861,3.2639,5,215,115,17,0.0731,27,0.0184,23,0.0125,12,0.0127,2,0.0118
2015,11,400,Center,1,23.2197,3.7903,8,183,136,17,0.0925,23,0.1139,20,0.118,6,0.0394,1,0.0053
2015,11,400,Center,2,15.01,1.71,4,127,78,11,0.0176,8,0.0229,26,0.1019,9,0.0378,2,0.005
2015,11,400,Center,3,19.1695,3.1705,8,154,111,27,0.088,14,0.0708,4,0.0115,4,0.0231,2,0.0113
2015,21,5,Edge,1,8.6221,3.6279,7,93,54,28,0.0782,29,0.08,13,0.0147,24,0.0322,21,0.077
2015,21,5,Edge,2,14.0927,4.8773,5,111,56,11,0.0552,19,0.0482,13,0.0693,24,0.1176,28,0.1496
2015,21,5,Edge,3,41.9196,18.8404,7,396,151,27,0.1023,3,0.0184,32,0.1592,13,0.0363,10,0.0319
2015,21,5,Center,1,19.919,5.901,4,157,68,9,0.0476,11,0.0639,29,0.1101,22,0.0439,5,0.02
2015,21,5,Center,2,38.2023,17.1877,6,449,125,26,0.0913,27,0.0937,21,0.1019,15,0.0693,8,0.0306
2015,21,5,Center,3,39.1707,17.1093,5,426,78,7,0.0378,21,0.0553,10,0.0474,7,0.0287,11,0.0296
2015,21,20,Edge,1,129.9868,57.7532,9,1095,240,15,0.0727,29,0.0862,7,0.0288,19,0.1024,22,0.0762
2015,21,20,Edge,2,50.2884,22.9716,7,471,99,24,0.0782,23,0.0649,31,0.1169,25,0.0651,24,0.0514
2015,21,20,Edge,3,13.8462,6.7238,4,154,36,23,0.0715,22,0.0582,27,0.0946,20,0.0581,5,0.0229
2015,21,100,Edge,1,117.7048,40.9952,9,1035,334,29,0.1113,24,0.112,23,0.088,27,0.0562,17,0.0388
2015,21,100,Edge,2,93.0781,24.7219,10,969,376,17,0.05,19,0.0366,5,0.0198,21,0.0544,3,0.0142
2015,21,100,Edge,3,112.0319,29.7681,10,850,260,22,0.0631,34,0.0654,17,0.0359,11,0.0416,26,0.0801
2015,21,400,Edge,1,56.0933,12.4067,8,523,398,29,0.0972,17,0.0268,16,0.0384,3,0.0068,3,0.0175
2015,21,400,Edge,2,6.5512,1.9488,3,83,108,11,0.0301,8,0.0272,4,0.0133,2,0.004,2,0.0061
2015,21,400,Edge,3,53.0576,12.3424,6,456,270,25,0.0772,26,0.1196,23,0.0619,24,0.0531,4,0.0115
2015,21,400,Center,1,68.1288,9.8712,11,708,522,17,0.041,21,0.1001,14,0.0517,10,0.0428,9,0.0261
2015,21,400,Center,2,53.9809,7.4191,7,452,284,24,0.065,23,0.0431,27,0.1227,17,0.0219,14,0.0212
2015,21,400,Center,3,71.0903,6.6097,10,642,621,22,0.0726,26,0.1089,14,0.0504,6,0.032,9,0.0362
2015,22,5,Edge,1,42.1707,18.4293,9,424,196,14,0.0751,32,0.111,6,0.031,21,0.0778,18,0.0774
2015,22,5,Edge,2,66.5359,33.8641,10,570,197,31,0.1437,21,0.1116,31,0.1487,27,0.1114,13,0.0667
2015,22,5,Edge,3,42.5721,22.9279,7,417,151,7,0.0335,30,0.1497,27,0.1115,15,0.0495,24,0.1016
2015,22,5,Center,1,58.2635,21.6365,8,589,205,23,0.0967,12,0.0626,10,0.0541,3,0.0173,7,0.0317
2015,22,5,Center,2,12.5587,4.8413,6,140,77,23,0.1165,17,0.0578,22,0.081,3,0.0145,6,0.0236
2015,22,5,Center,3,58.6621,18.4379,7,523,226,26,0.117,5,0.019,11,0.0484,14,0.0846,15,0.0745
2015,22,20,Edge,1,69.2901,19.3099,11,468,150,24,0.0724,32,0.0866,25,0.1079,23,0.0646,27,0.0762
2015,22,20,Edge,2,68.593,35.507,10,507,235,22,0.1096,26,0.0978,31,0.1563,24,0.1006,10,0.0573
2015,22,20,Edge,3,60.9261,21.2739,8,817,262,22,0.0868,5,0.0297,11,0.0433,22,0.0391,7,0.0237
2015,22,100,Edge,1,31.8473,7.2527,4,147,62,31,0.1176,35,0.1284,27,0.0917,28,0.0813,25,0.0812
2015,22,100,Edge,2,47.9499,24.4901,6,324,91,26,0.1006,25,0.1059,21,0.0754,23,0.0777,10,0.0638
2015,22,100,Edge,3,60.234,10.806,5,443,89,27,0.0753,17,0.0813,23,0.1323,20,0.0426,11,0.0456
2015,22,400,Edge,1,59.7907,23.9193,7,508,206,24,0.1055,30,0.0939,28,0.1036,23,0.0885,11,0.0451
2015,22,400,Edge,2,28.8527,9.2273,5,246,80,22,0.1229,29,0.1052,17,0.0631,18,0.0525,19,0.0387
2015,22,400,Edge,3,18.4722,3.9778,4,140,57,23,0.0632,25,0.0524,26,0.1109,27,0.1088,17,0.0394
2015,22,400,Center,1,36.9075,3.1325,8,414,338,13,0.0383,10,0.0155,4,0.0076,3,0.0115,1,0.0051
2015,22,400,Center,2,144.322,9.498,8,1060,871,21,0.0841,27,0.0976,6,0.037,2,0.0068,1,0.0013
2015,22,400,Center,3,50.8607,8.5693,6,477,232,26,0.053,14,0.0325,8,0.0341,2,0.0055,1,0.0005
2015,23,5,Edge,1,27.2267,9.5733,7,277,114,27,0.09,24,0.0872,7,0.0223,25,0.0833,15,0.0399
2015,23,5,Edge,2,49.6564,12.7436,9,673,171,25,0.0874,27,0.1194,31,0.0473,24,0.0253,4,0.0231
2015,23,5,Edge,3,42.6936,17.2064,8,467,112,23,0.0733,24,0.0901,23,0.092,17,0.073,8,0.025
2015,23,5,Center,1,60.7454,10.9546,12,755,342,23,0.0567,24,0.1058,11,0.0458,8,0.0354,18,0.0394
2015,23,5,Center,2,24.9931,4.0069,6,282,181,27,0.0743,21,0.0627,7,0.0242,11,0.0575,24,0.0712
2015,23,5,Center,3,9.5181,2.1819,5,102,51,25,0.0244,19,0.0407,26,0.0421,24,0.0367,7,0.0208
2015,23,20,Edge,1,50.3813,13.8187,7,460,286,27,0.116,14,0.0496,29,0.133,32,0.1146,13,0.0669
2015,23,20,Edge,2,34.0096,6.9904,8,457,326,18,0.0436,20,0.0721,21,0.0264,32,0.0577,4,0.0136
2015,23,20,Edge,3,38.5935,5.1065,7,421,292,12,0.0272,8,0.0157,12,0.0702,7,0.0126,4,0.0221
2015,23,100,Edge,1,60.1328,16.9972,10,588,283,15,0.0576,19,0.0318,27,0.0791,12,0.032,10,0.0175
2015,23,100,Edge,2,46.5495,13.4805,10,670,403,11,0.0432,24,0.0616,16,0.0657,18,0.0218,17,0.0695
2015,23,100,Edge,3,46.3863,13.4637,9,569,276,12,0.0221,9,0.0293,21,0.0364,20,0.048,9,0.0187
2015,23,400,Edge,1,42.7506,7.0594,7,373,382,1,0.006,8,0.0298,15,0.0686,18,0.0747,20,0.0936
2015,23,400,Edge,2,16.7963,3.9137,4,156,191,9,0.0305,14,0.0202,31,0.1397,11,0.042,26,0.1023
2015,23,400,Edge,3,67.6714,15.6386,7,598,550,8,0.0224,11,0.0407,10,0.019,18,0.0947,25,0.1259
2015,23,400,Center,1,114.4725,7.9275,15,896,1816,1,0.0025,2,0.0046,12,0.0591,3,0.0166,18,0.0767
2015,23,400,Center,2,47.1142,5.7158,6,415,729,7,0.0306,14,0.0777,11,0.0437,1,0.0061,1,0.0024
2015,23,400,Center,3,45.306,3.974,6,385,782,4,0.0113,2,0.0042,2,0.0041,6,0.0135,2,0.0065
2015,24,5,Edge,1,34.4119,17.3481,9,306,129,23,0.1157,13,0.0754,25,0.0583,26,0.0759,20,0.0724
2015,24,5,Edge,2,44.1449,17.5851,6,379,190,13,0.0425,26,0.0471,6,0.0283,27,0.0775,24,0.0401
2015,24,5,Edge,3,27.6196,10.4504,9,283,157,25,0.0749,25,0.0605,7,0.0261,20,0.0743,27,0.0599
2015,24,5,Center,1,23.0308,3.9692,5,271,160,15,0.0145,2,0.0083,5,0.0241,2,0.0053,25,0.0207
2015,24,5,Center,2,46.7127,5.2373,7,539,325,8,0.0139,23,0.0255,20,0.0233,NA,NA,NA,NA
2015,24,5,Center,3,44.4657,8.5943,5,573,310,10,0.0191,11,0.0178,26,0.1163,20,0.0167,16,0.0542
2015,24,20,Edge,1,32.9901,11.6099,7,354,162,12,0.0579,5,0.0212,23,0.1031,16,0.0709,8,0.0395
2015,24,20,Edge,2,16.1687,7.0813,4,185,113,27,0.0562,3,0.0123,15,0.0609,11,0.0418,29,0.1011
2015,24,20,Edge,3,48.5453,21.7847,9,538,230,23,0.065,6,0.0163,21,0.0476,18,0.068,28,0.0545
2015,24,100,Edge,1,21.9387,4.6613,6,221,89,23,0.0341,23,0.0955,9,0.0325,6,0.0171,14,0.015
2015,24,100,Edge,2,26.3628,6.1372,9,264,162,22,0.0597,22,0.0702,12,0.025,12,0.042,14,0.0314
2015,24,100,Edge,3,81.0741,27.6259,9,910,307,23,0.0759,29,0.0518,8,0.0203,17,0.082,29,0.0614
2015,24,400,Edge,1,97.2798,19.5202,12,951,595,17,0.0662,6,0.0284,36,0.0611,17,0.0891,16,0.0732
2015,24,400,Edge,2,29.046,4.054,6,298,237,4,0.016,20,0.0385,12,0.0192,7,0.0088,22,0.0507
2015,24,400,Edge,3,37.1402,7.2598,7,330,252,28,0.1143,28,0.1303,21,0.0833,19,0.0825,18,0.088
2015,24,400,Center,1,44.9512,3.3488,8,356,516,33,0.0331,19,0.0256,9,0.0191,6,0.0195,11,0.0131
2015,24,400,Center,2,27.3998,2.9002,5,262,367,18,0.0472,6,0.0271,9,0.0188,10,0.0491,6,0.0182
2015,24,400,Center,3,84.7044,6.5956,13,602,784,18,0.0304,9,0.0369,9,0.0352,11,0.0164,16,0.0188
2015,25,5,Edge,1,15.9634,5.9366,3,163,119,11,0.0294,27,0.0851,18,0.0709,4,0.0211,17,0.0322
2015,25,5,Edge,2,38.9182,14.7818,6,361,157,21,0.0676,11,0.0505,23,0.0801,14,0.0215,8,0.0369
2015,25,5,Edge,3,5.5553,1.2447,3,49,71,20,0.0436,10,0.0176,6,0.0066,6,0.0116,6,0.023
2015,25,5,Center,1,11.1327,1.7673,3,124,106,28,0.0412,25,0.0287,4,0.0132,8,0.0189,4,0.0176
2015,25,5,Center,2,23.637,4.263,5,250,97,26,0.0682,15,0.0268,5,0.0173,11,0.0447,21,0.0161
2015,25,5,Center,3,59.3915,14.3085,7,688,276,27,0.1018,21,0.0804,20,0.0858,15,0.0672,11,0.0367
2015,25,20,Edge,1,12.5186,2.7814,4,143,59,19,0.0369,11,0.0228,10,0.0505,1,0.0054,6,0.0296
2015,25,20,Edge,2,42.8347,14.7653,6,410,142,30,0.1524,22,0.1034,27,0.0382,9,0.0354,5,0.031
2015,25,20,Edge,3,21.2806,6.1194,5,221,106,27,0.0886,25,0.0566,3,0.0153,10,0.0201,16,0.0411
2015,25,100,Edge,1,24.9573,6.3427,7,291,91,22,0.0511,11,0.0242,28,0.0875,10,0.0215,23,0.0794
2015,25,100,Edge,2,39.3346,6.6654,7,384,114,27,0.0607,2,0.0059,27,0.0697,24,0.0478,NA,0.0559
2015,25,100,Edge,3,64.0804,11.1196,11,730,277,28,0.092,20,0.0164,27,0.0245,16,0.0632,22,0.0305
2015,25,400,Edge,1,38.4198,7.2802,7,389,142,25,0.0414,20,0.0361,10,0.0083,12,0.0406,6,0.0258
2015,25,400,Edge,2,80.0147,21.7853,8,807,157,28,0.0519,27,0.0917,23,0.0425,22,0.0706,29,0.0537
2015,25,400,Edge,3,22.9229,8.4771,7,194,93,25,0.1137,25,0.1325,8,0.029,28,0.094,20,0.0936
2015,25,400,Center,1,35.8617,4.5383,7,421,321,13,0.0276,14,0.0151,20,0.0288,8,0.0119,10,0.0122
2015,25,400,Center,2,35.552,4.248,9,367,292,17,0.0261,22,0.0245,18,0.0496,4,0.0068,22,0.0558
2015,25,400,Center,3,71.6018,8.1982,9,785,450,27,0.0903,26,0.0886,7,0.0308,17,0.0317,1,0.0032
2015,31,5,Edge,1,42.5211,10.2789,7,372,145,17,0.038,23,0.1213,26,0.0426,18,0.0293,15,0.0333
2015,31,5,Edge,2,20.3323,4.6677,3,164,82,21,0.0674,31,0.0847,29,0.0849,3,0.0122,27,0.1247
2015,31,5,Edge,3,26.0336,6.1664,4,214,85,28,0.0859,6,0.0251,14,0.0461,24,0.0724,9,0.0401
2015,31,5,Center,1,45.5742,5.7258,9,501,325,16,0.0717,24,0.0402,11,0.0258,9,0.0293,3,0.0087
2015,31,5,Center,2,6.1658,0.1342,4,33,49,21,0.0512,6,0.0102,3,0.0064,1,0.0025,1,0.0028
2015,31,5,Center,3,66.0293,23.9707,7,751,353,16,0.0835,14,0.0643,22,0.0628,18,0.0805,14,0.0712
2015,31,20,Edge,1,42.0809,10.6191,8,426,200,33,0.1312,13,0.065,30,0.1116,12,0.0512,5,0.0137
2015,31,20,Edge,2,49.8639,16.3361,7,533,215,27,0.0425,23,0.0944,26,0.097,24,0.0626,14,0.0526
2015,31,20,Edge,3,6.2088,1.4912,4,65,69,5,0.0153,23,0.0637,27,0.056,25,0.059,6,0.0134
2015,31,100,Edge,1,8.7159,1.0841,2,82,49,25,0.0577,16,0.0316,1,0.0043,10,0.0159,1,0.0036
2015,31,100,Edge,2,38.0904,9.7096,6,407,202,33,0.1419,22,0.0447,18,0.0748,5,0.0257,14,0.0572
2015,31,100,Edge,3,14.8074,2.6926,4,151,100,28,0.1091,21,0.0396,26,0.0432,6,0.025,3,0.0173
2015,31,400,Edge,1,35.3454,3.0546,6,359,381,10,0.0168,22,0.0761,20,0.0655,10,0.035,5,0.0119
2015,31,400,Edge,2,29.8636,3.0364,7,313,297,24,0.0399,9,0.0437,10,0.0236,5,0.0073,4,0.0097
2015,31,400,Edge,3,41.1031,4.8969,4,434,191,24,0.0987,19,0.0665,14,0.0278,6,0.0251,1,0.0048
2015,31,400,Center,1,35.6309,3.8691,6,338,302,10,0.0207,13,0.0581,5,0.0308,16,0.0336,2,0.0115
2015,31,400,Center,2,27.3558,2.0442,5,292,256,9,0.0168,11,0.0206,21,0.0884,5,0.027,2,0.0124
2015,31,400,Center,3,17.1115,1.2885,5,173,224,13,0.0133,20,0.0352,7,0.0347,5,0.0223,5,0.0124
2015,32,5,Edge,1,36.0598,10.2302,8,436,211,22,0.0841,10,0.0319,18,0.0273,20,0.0254,11,0.007
2015,32,5,Edge,2,30.0438,7.7762,7,419,117,21,0.0511,9,0.0138,14,0.03,8,0.0226,25,0.0526
2015,32,5,Edge,3,22.5392,9.4808,5,303,126,NA,NA,NA,NA,NA,NA,NA,NA,NA,NA
2015,32,5,Center,1,50.1292,18.6708,7,520,161,12,0.036,2,0.0073,15,0.055,29,0.1201,24,0.1166
2015,32,5,Center,2,21.4739,7.1961,7,274,64,19,0.0231,21,0.029,11,0.0281,3,0.0128,30,0.0904
2015,32,5,Center,3,18.7958,5.2642,5,203,86,10,0.0385,7,0.0322,10,0.0152,3,0.0089,24,0.0364
2015,32,20,Edge,1,15.4983,5.7317,6,184,65,19,0.0503,10,0.0203,21,0.0863,2,0.007,18,0.0408
2015,32,20,Edge,2,65.558,21.282,8,624,228,17,0.0166,5,0.0246,33,0.1563,8,0.0287,17,0.0483
2015,32,20,Edge,3,30.7326,15.2074,7,250,123,20,0.0254,29,0.1034,20,0.0584,27,0.1265,27,0.0966
2015,32,100,Edge,1,18.4793,8.9107,6,162,55,27,0.1054,19,0.094,12,0.0471,23,0.1283,26,0.1228
2015,32,100,Edge,2,25.6674,10.5726,6,264,93,27,0.0765,8,0.0339,18,0.0337,29,0.0845,7,0.0112
2015,32,100,Edge,3,9.9535,2.4865,3,73,25,33,0.1163,22,0.0162,12,0.0311,24,0.0341,27,0.038
2015,32,400,Edge,1,2.9266,0.2214,5,18,14,24,0.0236,23,0.0247,7,0.0092,2,0.0042,1,0.0022
2015,32,400,Edge,2,25.6916,4.5984,7,219,51,33,0.0954,17,0.0264,13,0.0177,11,0.0215,3,0.0123
2015,32,400,Edge,3,56.5552,18.6748,10,523,153,15,0.0594,7,0.0335,5,0.0123,14,0.0404,6,0.0157
2015,32,400,Center,1,47.4916,5.9484,9,446,341,21,0.0484,12,0.0572,4,0.0233,4,0.0216,1,0.0033
2015,32,400,Center,2,22.497,2.613,8,253,127,7,0.0242,4,0.0169,3,0.0138,19,0.0241,2,0.0087
2015,32,400,Center,3,11.3696,1.4904,6,83,53,19,0.0343,7,0.0334,10,0.0168,5,0.0071,NA,0.0081
2015,33,5,Edge,1,25.9748,14.0252,9,360,148,28,0.089,28,0.0934,29,0.1038,25,0.0773,15,0.0519
2015,33,5,Edge,2,24.7589,10.6411,5,311,146,23,0.0544,27,0.069,21,0.0532,24,0.064,25,0.0459
2015,33,5,Edge,3,19.1882,9.4118,6,239,91,26,0.0904,13,0.0443,12,0.032,9,0.0339,22,0.0479
2015,33,5,Center,1,22.7741,12.1259,10,342,124,30,0.0965,18,0.0662,18,0.0627,33,0.1079,15,0.0526
2015,33,5,Center,2,4.9137,0.7863,3,60,28,21,0.0529,9,0.0075,22,0.0701,7,0.0239,7,0.0231
2015,33,5,Center,3,9.823,2.577,7,120,58,29,0.1013,23,0.093,8,0.0427,24,0.0667,10,0.0449
2015,33,20,Edge,1,13.2894,5.3106,4,136,76,27,0.0973,27,0.1023,26,0.1028,3,0.0102,6,0.0333
2015,33,20,Edge,2,24.3998,8.0002,6,245,104,15,0.0429,19,0.0943,12,0.062,7,0.0408,18,0.0581
2015,33,20,Edge,3,3.4545,1.5455,3,46,22,16,0.0481,27,0.0759,21,0.0518,7,0.0246,22,0.053
2015,33,100,Edge,1,14.4491,7.8509,4,167,88,22,0.1159,25,0.1046,17,0.0792,8,0.0397,3,0.0188
2015,33,100,Edge,2,13.5076,8.2924,5,149,72,24,0.0943,6,0.034,16,0.0612,3,0.015,5,0.0279
2015,33,100,Edge,3,15.6905,9.1095,5,179,76,1,0.0059,22,0.0933,5,0.0277,33,0.1369,4,0.0213
2015,33,400,Edge,1,22.2466,3.9534,6,169,179,15,0.0715,9,0.0416,14,0.0644,3,0.016,6,0.0298
2015,33,400,Edge,2,27.39,4.01,5,197,78,29,0.129,33,0.1385,4,0.0235,20,0.0554,6,0.0157
2015,33,400,Edge,3,28.3678,6.1322,4,233,185,27,0.1513,14,0.0796,13,0.0428,15,0.1034,8,0.0478
2015,33,400,Center,1,22.979,3.321,5,175,304,19,0.1052,22,0.0326,7,0.0234,11,0.0506,11,0.0349
2015,33,400,Center,2,61.9019,7.6981,6,557,386,19,0.1056,30,0.1181,9,0.0475,18,0.1085,11,0.0312
2015,33,400,Center,3,34.2081,2.2919,6,267,331,17,0.0844,28,0.13,14,0.0353,27,0.0999,7,0.0142
2015,34,5,Edge,1,13.765,0.035,3,225,262,2,0.003,2,0.0021,1,0.0028,2,0.0067,2,0.0017
2015,34,5,Edge,2,53.2274,14.9726,10,508,159,7,0.0364,22,0.1169,26,0.0792,18,0.059,12,0.0339
2015,34,5,Edge,3,40.3815,17.0185,6,426,126,13,0.0398,23,0.0769,26,0.1006,23,0.0659,21,0.0598
2015,34,5,Center,1,50.3152,8.3848,10,502,185,24,0.0712,24,0.0466,20,0.0429,25,0.0208,17,0.0226
2015,34,5,Center,2,31.8626,7.8374,6,346,186,25,0.0774,12,0.0167,24,0.1135,11,0.0527,3,0.0161
2015,34,5,Center,3,40.2632,9.1368,7,485,228,32,0.1089,24,0.1001,24,0.0516,19,0.0221,14,0.0674
2015,34,20,Edge,1,54.7799,23.3201,10,756,193,16,0.0582,20,0.0767,26,0.0517,28,0.0917,13,0.0484
2015,34,20,Edge,2,38.0804,9.0196,5,337,83,16,0.0438,27,0.0535,26,0.0545,20,0.0464,32,0.0479
2015,34,20,Edge,3,21.4847,7.3153,7,213,72,27,0.1153,29,0.1215,20,0.0812,20,0.0803,2,0.0079
2015,34,100,Edge,1,43.7612,19.7388,7,560,126,22,0.1032,26,0.0697,22,0.0556,23,0.0511,26,0.054
2015,34,100,Edge,2,11.614,1.386,4,87,76,15,0.0152,12,0.0476,22,0.0471,18,0.0182,12,0.0366
2015,34,100,Edge,3,75.4411,23.7589,10,806,292,25,0.0422,22,0.0926,17,0.0539,17,0.0348,11,0.0528
2015,34,400,Edge,1,18.9201,5.0799,6,213,189,17,0.0839,24,0.0475,21,0.0246,11,0.0397,14,0.0292
2015,34,400,Edge,2,36.0584,10.6416,6,374,322,26,0.0997,29,0.1387,14,0.0342,5,0.0191,7,0.0296
2015,34,400,Edge,3,7.2585,1.0415,3,91,79,17,0.0345,23,0.0593,5,0.0146,11,0.0213,5,0.0163
2015,34,400,Center,1,52.2241,11.0759,7,512,432,13,0.0353,12,0.0655,19,0.1066,7,0.0234,18,0.0281
2015,34,400,Center,2,22.3211,4.0789,5,266,258,21,0.1012,18,0.0339,12,0.023,11,0.015,5,0.0101
2015,34,400,Center,3,6.3225,2.9775,4,85,63,29,0.0968,27,0.1253,13,0.0644,14,0.0606,8,0.0215
2015,35,5,Edge,1,47.447,23.523,6,358,94,14,0.076,17,0.0855,26,0.1083,28,0.122,15,0.0767
2015,35,5,Edge,2,40.941,3.479,8,369,147,8,0.0189,11,0.0173,14,0.0146,6,0.0088,5,0.0058
2015,35,5,Edge,3,41.2329,21.7571,6,359,43,20,0.0936,16,0.069,17,0.0487,9,0.0315,6,0.021
2015,35,5,Center,1,52.0005,18.3195,7,427,132,17,0.0328,11,0.0056,26,0.0639,28,0.1043,7,0.0089
2015,35,5,Center,2,17.934,4.236,3,180,47,23,0.0482,25,0.0856,25,0.111,9,0.0387,17,0.0579
2015,35,5,Center,3,17.1984,4.1616,3,72,54,19,0.0872,12,0.0391,13,0.057,19,0.0451,14,0.0454
2015,35,20,Edge,1,34.0339,8.7661,7,292,127,28,0.145,23,0.0886,22,0.0501,18,0.0312,1,0.0057
2015,35,20,Edge,2,20.5979,3.6921,4,174,57,18,0.0751,24,0.0313,9,0.0146,6,0.0243,2,0.008
2015,35,20,Edge,3,31.0934,8.2166,8,248,92,28,0.1246,25,0.1315,12,0.0421,18,0.0715,12,0.0531
2015,35,100,Edge,1,29.0775,7.8225,7,212,90,18,0.0727,23,0.1216,1,0.0059,5,0.0254,30,0.129
2015,35,100,Edge,2,12.8737,4.5263,3,96,49,25,0.0892,17,0.0778,2,0.0123,3,0.0172,8,0.0289
2015,35,100,Edge,3,24.9664,6.7336,4,204,85,9,0.0364,20,0.0448,4,0.0117,18,0.0691,6,0.0369
2015,35,400,Edge,1,53.556,6.144,6,422,378,9,0.0563,6,0.0358,13,0.065,9,0.0489,8,0.0145
2015,35,400,Edge,2,40.0524,5.0476,6,232,259,8,0.0371,25,0.109,14,0.0881,3,0.0194,12,0.0374
2015,35,400,Edge,3,40.7731,3.6269,8,307,344,25,0.1178,14,0.0227,3,0.0107,3,0.0049,1,0.0057
2015,35,400,Center,1,24.6012,1.1988,4,213,254,1,0.0039,13,0.0285,9,0.0249,1,0.0028,8,0.0086
2015,35,400,Center,2,7.5825,0.2175,2,39,91,1,0.0019,4,0.0125,2,0.0096,1,0.0014,5,0.0087
2015,35,400,Center,3,37.6912,2.2088,9,267,374,26,0.095,2,0.0028,34,0.0441,7,0.02,17,0.0729
2015,36,5,Edge,1,15.9503,5.8497,5,211,78,20,0.0496,10,0.0351,18,0.0509,24,0.0444,12,0.0373
2015,36,5,Edge,2,30.5748,12.5252,8,433,129,24,0.0687,24,0.0347,20,0.0542,17,0.0223,17,0.0456
2015,36,5,Edge,3,8.4869,4.8131,4,135,51,15,0.0326,19,0.042,21,0.0461,28,0.0647,21,0.0584
2015,36,5,Center,1,28.0297,9.5703,8,400,165,18,0.0784,24,0.0636,7,0.0243,18,0.0627,13,0.0429
2015,36,5,Center,2,49.0072,15.7928,7,575,274,30,0.0855,12,0.0379,12,0.0454,24,0.0843,7,0.026
2015,36,5,Center,3,17.2813,3.6187,8,264,232,1,0.0019,3,0.0087,20,0.0517,6,0.0232,8,0.0161
2015,36,20,Edge,1,49.8625,10.4375,7,509,155,8,0.0374,12,0.0391,23,0.0313,23,0.0501,12,0.0567
2015,36,20,Edge,2,20.1873,5.8127,7,178,90,20,0.0766,25,0.053,6,0.0199,7,0.0175,21,0.0774
2015,36,20,Edge,3,7.2856,2.8144,5,86,37,23,0.0646,24,0.1153,18,0.0719,20,0.0652,10,0.0248
2015,36,100,Edge,1,20.0683,2.5317,6,249,92,12,0.0111,6,0.009,5,0.0075,15,0.0339,13,0.0155
2015,36,100,Edge,2,23.854,2.846,5,261,110,9,0.0211,12,0.0288,5,0.015,10,0.0135,3,0.0046
2015,36,100,Edge,3,67.6609,14.1391,8,778,189,4,0.015,12,0.0125,14,0.0208,6,0.0169,9,0.0188
2015,36,400,Edge,1,30.1803,4.0197,5,344,189,13,0.0378,7,0.0222,24,0.0643,18,0.0525,5,0.0157
2015,36,400,Edge,2,26.0712,3.7288,5,287,149,15,0.0345,4,0.0069,11,0.0292,24,0.075,16,0.035
2015,36,400,Edge,3,21.7655,3.8345,4,234,102,12,0.0321,8,0.03,20,0.0521,18,0.0515,3,0.0105
2015,36,400,Center,1,4.1513,0.2487,2,27,30,18,0.0537,8,0.0105,9,0.0165,3,0.0037,2,0.0035
2015,36,400,Center,2,16.4861,1.5139,4,158,96,13,0.0448,5,0.0083,6,0.0133,7,0.0147,3,0.006
2015,36,400,Center,3,16.8393,1.8607,3,175,147,10,0.0179,2,0.0061,1,0.0015,13,0.0553,7,0.0136
2016,1,5,Center,1,30,9.09,7,353,243,15,0.043,18,0.0423,4,0.0228,8,0.0182,8,0.0133
2016,1,5,Center,2,31.93,10.97,8,376,249,10,0.0566,14,0.0483,21,0.0622,7,0.0401,14,0.0456
2016,1,5,Center,3,74.88,22.6,11,811,656,9,0.0495,1,0.0081,13,0.0631,18,0.0948,6,0.0341
2016,1,5,Edge,1,47.11,23.65,9,479,326,19,0.0913,3,0.0152,6,0.0173,17,0.0351,27,0.1026
2016,1,5,Edge,2,20.61,10.23,7,210,121,8,0.0235,16,0.0856,17,0.0567,12,0.0746,2,0.0119
2016,1,5,Edge,3,40.64,17.57,8,390,209,23,0.0934,23,0.0738,18,0.0846,6,0.0263,14,0.0637
2016,1,100,Edge,1,21.14,8,4,212,113,29,0.1143,24,0.0677,28,0.0745,17,0.0651,22,0.0428
2016,1,100,Edge,2,52.09,20.16,8,576,298,19,0.0873,10,0.0318,4,0.0161,3,0.0166,5,0.0227
2016,1,100,Edge,3,7.56,2.65,5,86,110,1,0.0065,1,0.0043,20,0.0661,23,0.0781,8,0.0327
2016,1,250,Edge,1,5.64,2.31,3,52,37,21,0.0539,26,0.0456,23,0.0577,19,0.0622,24,0.0763
2016,1,250,Edge,2,47.9,20.86,9,505,217,6,0.0283,14,0.0717,16,0.0888,12,0.0416,23,0.0648
2016,1,250,Edge,3,39.55,15.64,8,443,255,9,0.0357,20,0.1067,4,0.0259,25,0.1039,3,0.0163
2016,1,400,Center,1,29.16,5.84,6,282,319,5,0.0169,7,0.0212,16,0.0927,6,0.0235,3,0.0057
2016,1,400,Center,2,14.23,2.78,6,154,153,4,0.0152,1,0.0025,29,0.1273,17,0.0249,11,0.0347
2016,1,400,Center,3,10.41,2.48,6,110,108,27,0.1182,18,0.0776,12,0.069,2,0.0127,28,0.1449
2016,1,400,Edge,1,43.29,9.4,10,299,176,20,0.04,15,0.0373,15,0.0408,26,0.0896,33,0.1058
2016,1,400,Edge,2,47.28,12.16,9,458,364,21,0.0757,7,0.0278,6,0.0374,5,0.0136,4,0.0148
2016,1,400,Edge,3,45.55,11.55,8,424,311,1,0.0066,28,0.1103,7,0.0239,18,0.0425,27,0.1253
2016,2,5,Center,1,NA,NA,NA,NA,NA,NA,NA,NA,NA,NA,NA,NA,NA,NA,NA
2016,2,5,Center,2,NA,NA,NA,NA,NA,NA,NA,NA,NA,NA,NA,NA,NA,NA,NA
2016,2,5,Center,3,NA,NA,NA,NA,NA,NA,NA,NA,NA,NA,NA,NA,NA,NA,NA
2016,2,5,Edge,1,NA,NA,NA,NA,NA,NA,NA,NA,NA,NA,NA,NA,NA,NA,NA
2016,2,5,Edge,2,NA,NA,NA,NA,NA,NA,NA,NA,NA,NA,NA,NA,NA,NA,NA
2016,2,5,Edge,3,NA,NA,NA,NA,NA,NA,NA,NA,NA,NA,NA,NA,NA,NA,NA
2016,2,100,Edge,1,NA,NA,NA,NA,NA,NA,NA,NA,NA,NA,NA,NA,NA,NA,NA
2016,2,100,Edge,2,NA,NA,NA,NA,NA,NA,NA,NA,NA,NA,NA,NA,NA,NA,NA
2016,2,100,Edge,3,NA,NA,NA,NA,NA,NA,NA,NA,NA,NA,NA,NA,NA,NA,NA
2016,2,250,Edge,1,NA,NA,NA,NA,NA,NA,NA,NA,NA,NA,NA,NA,NA,NA,NA
2016,2,250,Edge,2,NA,NA,NA,NA,NA,NA,NA,NA,NA,NA,NA,NA,NA,NA,NA
2016,2,250,Edge,3,NA,NA,NA,NA,NA,NA,NA,NA,NA,NA,NA,NA,NA,NA,NA
2016,2,400,Center,1,NA,NA,NA,NA,NA,NA,NA,NA,NA,NA,NA,NA,NA,NA,NA
2016,2,400,Center,2,NA,NA,NA,NA,NA,NA,NA,NA,NA,NA,NA,NA,NA,NA,NA
2016,2,400,Center,3,NA,NA,NA,NA,NA,NA,NA,NA,NA,NA,NA,NA,NA,NA,NA
2016,2,400,Edge,1,NA,NA,NA,NA,NA,NA,NA,NA,NA,NA,NA,NA,NA,NA,NA
2016,2,400,Edge,2,NA,NA,NA,NA,NA,NA,NA,NA,NA,NA,NA,NA,NA,NA,NA
2016,2,400,Edge,3,NA,NA,NA,NA,NA,NA,NA,NA,NA,NA,NA,NA,NA,NA,NA
2016,3,5,Center,1,19.26,10.64,8,186,98,7,0.0251,21,0.0367,28,0.1278,27,0.141,29,0.0483
2016,3,5,Center,2,10.36,3.64,4,100,5,6,0.0183,19,0.088,16,0.0557,4,0.0126,24,0.0962
2016,3,5,Center,3,17.58,10.72,8,233,NA,25,0.133,5,0.0269,29,0.1353,26,0.134,7,0.0312
2016,3,5,Edge,1,9.88,6.42,10,131,19,26,0.0988,31,0.0677,29,0.1021,20,0.0475,28,0.1115
2016,3,5,Edge,2,27.16,17.94,6,343,70,21,0.0615,27,0.1211,25,0.0924,22,0.0454,10,0.038
2016,3,5,Edge,3,9.49,5.81,4,134,3,26,0.0948,29,0.1087,13,0.0476,26,0.0717,9,0.0227
2016,3,100,Edge,1,11.09,6.11,4,109,19,18,0.0621,13,0.044,33,0.1126,11,0.043,26,0.1013
2016,3,100,Edge,2,18.02,10.18,6,190,15,35,0.132,19,0.0886,25,0.0938,27,0.0711,27,0.0779
2016,3,100,Edge,3,9.88,5.62,10,103,41,7,0.0366,23,0.0843,25,0.0896,24,0.1068,24,0.0805
2016,3,250,Edge,1,23.5,12.3,9,244,91,32,0.1326,17,0.069,10,0.0495,3,0.0133,32,0.1612
2016,3,250,Edge,2,5.84,3.46,10,73,NA,24,0.0916,25,0.0782,25,0.0878,8,0.0396,20,0.0688
2016,3,250,Edge,3,8.12,4.38,9,76,26,30,0.1455,28,0.1431,18,0.0935,28,0.1377,24,0.1207
2016,3,400,Center,1,22.04,7.36,11,232,143,25,0.1105,29,0.0685,6,0.0065,8,0.0437,25,0.1246
2016,3,400,Center,2,30.31,10.19,10,313,179,32,0.1871,24,0.1147,20,0.053,28,0.1401,4,0.0244
2016,3,400,Center,3,21.15,6.35,10,170,128,14,0.0601,22,0.1004,20,0.095,25,0.1218,23,0.0957
2016,3,400,Edge,1,18.5,7.8,4,183,37,17,0.0445,25,0.0704,26,0.1025,20,0.0526,10,0.0463
2016,3,400,Edge,2,23.34,9.86,10,194,107,17,0.0842,28,0.1637,2,0.0128,5,0.0268,32,0.1415
2016,3,400,Edge,3,7.72,2.68,10,86,55,7,0.0337,4,0.0214,9,0.0497,20,0.0952,19,0.0343
2016,4,5,Center,1,66.83,32.26,11,639,394,29,0.1181,20,0.0762,14,0.0464,25,0.0915,11,0.0566
2016,4,5,Center,2,22.59,9.4,6,205,119,3,0.0131,3,0.0163,21,0.058,19,0.0399,16,0.0642
2016,4,5,Center,3,44.22,21.18,7,401,137,19,0.067,13,0.0676,6,0.0356,7,0.0331,10,0.052
2016,4,5,Edge,1,13.96,8.36,5,133,50,27,0.118,15,0.0453,18,0.0596,29,0.1213,19,0.0794
2016,4,5,Edge,2,22.53,11.88,10,214,91,32,0.124,33,0.144,22,0.1017,14,0.0545,29,0.1131
2016,4,5,Edge,3,15.29,1.57,6,160,62,9,0.0224,14,0.02,25,0.0465,5,0.0182,4,0.0094
2016,4,100,Edge,1,14.91,6.04,5,114,46,25,0.1059,23,0.0925,7,0.0441,25,0.0846,29,0.1389
2016,4,100,Edge,2,NA,NA,NA,NA,NA,NA,NA,NA,NA,NA,NA,NA,NA,NA,NA
2016,4,100,Edge,3,11.44,4.54,5,98,42,2,0.0111,10,0.0294,15,0.0747,2,0.0117,1,0.0052
2016,4,250,Edge,1,35.24,16.2,7,331,172,27,0.0842,3,0.0193,28,0.1365,18,0.0758,13,0.0485
2016,4,250,Edge,2,NA,NA,NA,NA,NA,NA,NA,NA,NA,NA,NA,NA,NA,NA,NA
2016,4,250,Edge,3,NA,NA,NA,NA,NA,NA,NA,NA,NA,NA,NA,NA,NA,NA,NA
2016,4,400,Center,1,NA,NA,NA,NA,NA,NA,NA,NA,NA,NA,NA,NA,NA,NA,NA
2016,4,400,Center,2,NA,NA,NA,NA,NA,NA,NA,NA,NA,NA,NA,NA,NA,NA,NA
2016,4,400,Center,3,74.91,19.8,10,728,568,22,0.0965,3,0.0176,1,0.0063,2,0.0117,30,0.0946
2016,4,400,Edge,1,38.09,13.45,9,369,203,21,0.0839,14,0.0532,27,0.1568,14,0.0619,6,0.0361
2016,4,400,Edge,2,49.42,16.15,8,429,295,2,0.0111,9,0.0375,10,0.0462,5,0.0257,7,0.0391
2016,4,400,Edge,3,NA,NA,NA,NA,NA,NA,NA,NA,NA,NA,NA,NA,NA,NA,NA
2016,5,5,Center,1,NA,NA,NA,NA,NA,NA,NA,NA,NA,NA,NA,NA,NA,NA,NA
2016,5,5,Center,2,NA,NA,NA,NA,NA,NA,NA,NA,NA,NA,NA,NA,NA,NA,NA
2016,5,5,Center,3,NA,NA,NA,NA,NA,NA,NA,NA,NA,NA,NA,NA,NA,NA,NA
2016,5,5,Edge,1,NA,NA,NA,NA,NA,NA,NA,NA,NA,NA,NA,NA,NA,NA,NA
2016,5,5,Edge,2,NA,NA,NA,NA,NA,NA,NA,NA,NA,NA,NA,NA,NA,NA,NA
2016,5,5,Edge,3,NA,NA,NA,NA,NA,NA,NA,NA,NA,NA,NA,NA,NA,NA,NA
2016,5,100,Edge,1,NA,NA,NA,NA,NA,NA,NA,NA,NA,NA,NA,NA,NA,NA,NA
2016,5,100,Edge,2,NA,NA,NA,NA,NA,NA,NA,NA,NA,NA,NA,NA,NA,NA,NA
2016,5,100,Edge,3,NA,NA,NA,NA,NA,NA,NA,NA,NA,NA,NA,NA,NA,NA,NA
2016,5,250,Edge,1,NA,NA,NA,NA,NA,NA,NA,NA,NA,NA,NA,NA,NA,NA,NA
2016,5,250,Edge,2,NA,NA,NA,NA,NA,NA,NA,NA,NA,NA,NA,NA,NA,NA,NA
2016,5,250,Edge,3,NA,NA,NA,NA,NA,NA,NA,NA,NA,NA,NA,NA,NA,NA,NA
2016,5,400,Center,1,NA,NA,NA,NA,NA,NA,NA,NA,NA,NA,NA,NA,NA,NA,NA
2016,5,400,Center,2,NA,NA,NA,NA,NA,NA,NA,NA,NA,NA,NA,NA,NA,NA,NA
2016,5,400,Center,3,NA,NA,NA,NA,NA,NA,NA,NA,NA,NA,NA,NA,NA,NA,NA
2016,5,400,Edge,1,NA,NA,NA,NA,NA,NA,NA,NA,NA,NA,NA,NA,NA,NA,NA
2016,5,400,Edge,2,NA,NA,NA,NA,NA,NA,NA,NA,NA,NA,NA,NA,NA,NA,NA
2016,5,400,Edge,3,NA,NA,NA,NA,NA,NA,NA,NA,NA,NA,NA,NA,NA,NA,NA
2016,6,5,Center,1,13.72,6.28,5,162,62,16,0.0663,10,0.0461,15,0.0746,9,0.0524,5,0.0264
2016,6,5,Center,2,17.32,7.68,6,218,80,10,0.0512,17,0.0953,15,0.0768,4,0.0225,5,0.0301
2016,6,5,Center,3,4.65,2.55,3,67,17,24,0.1209,8,0.0451,24,0.1003,9,0.0451,21,0.0938
2016,6,5,Edge,1,16.89,10.41,6,234,7,12,0.048,19,0.0681,29,0.137,7,0.0205,17,0.0432
2016,6,5,Edge,2,13.52,8.48,4,169,10,24,0.1054,23,0.069,7,0.0315,33,0.159,11,0.0413
2016,6,5,Edge,3,14.7,9.1,6,204,NA,26,0.0672,23,0.0746,28,0.1042,5,0.0154,25,0.1011
2016,6,100,Edge,1,17.37,8.63,5,169,65,20,0.0979,6,0.0253,9,0.0416,8,0.0363,8,0.0411
2016,6,100,Edge,2,25.62,11.38,7,288,32,29,0.1292,8,0.0421,8,0.038,30,0.1048,8,0.0398
2016,6,100,Edge,3,19.16,8.44,6,194,46,7,0.0387,13,0.0737,23,0.0847,29,0.1639,26,0.113
2016,6,250,Edge,1,18,7.8,7,178,87,28,0.0885,4,0.0234,12,0.0486,23,0.0451,24,0.0789
2016,6,250,Edge,2,12.47,4.33,6,146,66,3,0.0177,32,0.1121,11,0.052,12,0.0601,24,0.092
2016,6,250,Edge,3,26.56,9.64,5,284,65,30,0.116,5,0.0215,15,0.0479,13,0.0691,19,0.0587
2016,6,400,Center,1,33.94,5.06,9,202,100,24,0.0466,23,0.0253,6,0.0172,8,0.0242,28,0.0845
2016,6,400,Center,2,20.67,5.03,4,208,157,25,0.0852,9,0.028,23,0.0431,10,0.0274,7,0.0288
2016,6,400,Center,3,20.62,4.18,5,188,NA,22,0.021,6,0.0223,6,0.0174,10,0.0341,22,0.0829
2016,6,400,Edge,1,25.08,3.92,10,256,122,7,0.0127,1,0.0051,9,0.0106,5,0.0175,15,0.0182
2016,6,400,Edge,2,27.19,6.91,9,288,170,26,0.1054,5,0.0152,2,0.0081,9,0.0292,28,0.1038
2016,6,400,Edge,3,74.33,30.27,7,691,124,26,0.1033,20,0.0666,18,0.0749,33,0.136,15,0.028
2016,7,5,Center,1,28.99,15.62,7,360,140,18,0.0155,14,0.0301,22,0.0542,17,0.0158,19,0.0664
2016,7,5,Center,2,32.24,16.95,8,379,196,30,0.095,20,0.0546,13,0.0319,26,0.0694,28,0.0829
2016,7,5,Center,3,17.62,5.81,6,146,193,7,0.0077,14,0.045,30,0.0372,27,0.0817,28,0.081
2016,7,5,Edge,1,37.77,23.53,7,359,97,31,0.0946,21,0.0732,31,0.1038,18,0.0534,29,0.1074
2016,7,5,Edge,2,45.61,19.76,12,450,175,31,0.0983,30,0.0781,29,0.0375,30,0.0825,21,0.0377
2016,7,5,Edge,3,13.19,4.01,5,106,64,27,0.0539,23,0.0103,22,0.0134,11,0.0145,26,0.0826
2016,7,100,Edge,1,43.47,14.69,7,482,369,13,0.024,21,0.0394,18,0.0428,29,0.0858,28,0.0636
2016,7,100,Edge,2,8.51,3.1,5,82,62,29,0.0567,15,0.0387,29,0.0798,17,0.0414,30,0.1373
2016,7,100,Edge,3,63.08,24.98,8,616,321,27,0.1238,25,0.075,8,0.0254,9,0.0356,16,0.0638
2016,7,250,Edge,1,29.87,8.09,7,310,251,23,0.0593,9,0.0417,31,0.0633,3,0.0109,30,0.1202
2016,7,250,Edge,2,32.55,9.56,9,354,214,26,0.107,20,0.0212,23,0.0313,28,0.0366,26,0.0826
2016,7,250,Edge,3,23.41,10.29,4,270,156,15,0.0705,26,0.0678,14,0.0497,18,0.0919,31,0.1439
2016,7,400,Center,1,69.91,27.05,10,695,335,23,0.1228,25,0.0946,24,0.0971,24,0.0854,23,0.0749
2016,7,400,Center,2,47.92,16.43,10,523,359,17,0.0651,25,0.0591,27,0.1252,13,0.0538,30,0.1218
2016,7,400,Center,3,4.88,1.38,4,58,42,25,0.0492,27,0.0632,7,0.0108,19,0.0349,23,0.0615
2016,7,400,Edge,1,54.15,15.75,10,411,212,31,0.0692,26,0.0428,7,0.0336,28,0.0846,30,0.0741
2016,7,400,Edge,2,16.44,6.61,6,141,129,11,0.0543,11,0.0515,6,0.0308,29,0.1271,29,0.1052
2016,7,400,Edge,3,31.88,14.87,5,347,229,21,0.0854,26,0.0622,25,0.0859,28,0.1145,28,0.0676
2016,12,5,Center,1,11.41,2.95,5,158,143,17,0.0296,26,0.0718,3,0.0173,10,0.0407,23,0.0987
2016,12,5,Center,2,8.16,2.92,5,90,60,7,0.0423,12,0.0744,4,0.0196,13,0.0599,5,0.0328
2016,12,5,Center,3,26.38,7.8,7,324,183,16,0.0703,25,0.1528,11,0.0615,3,0.014,7,0.0184
2016,12,5,Edge,1,7.2,2.28,7,92,57,7,0.0143,4,0.0205,25,0.1049,21,0.0701,10,0.0355
2016,12,5,Edge,2,2.76,1.1,3,43,26,12,0.0605,4,0.0172,16,0.0727,21,0.1045,6,0.0158
2016,12,5,Edge,3,27.72,10.91,6,280,168,26,0.144,13,0.0828,24,0.1264,22,0.0773,17,0.0943
2016,12,100,Edge,1,25.88,6.3,4,160,96,20,0.0955,20,0.1182,7,0.026,8,0.0266,13,0.0278
2016,12,100,Edge,2,23.64,8.13,5,213,99,37,0.1545,29,0.092,14,0.0746,10,0.0644,6,0.0396
2016,12,100,Edge,3,20.48,6.64,5,206,103,3,0.0186,8,0.0432,21,0.1012,12,0.0646,26,0.1288
2016,12,250,Edge,1,15.44,2.66,5,139,142,27,0.1241,2,0.0111,9,0.0287,5,0.0291,2,0.012
2016,12,250,Edge,2,26.96,7.2,6,219,141,4,0.0155,20,0.1093,30,0.1482,13,0.0369,7,0.0436
2016,12,250,Edge,3,23.39,3.28,9,201,255,15,0.0303,1,0.0051,14,0.0608,15,0.0369,2,0.0084
2016,12,400,Center,1,12.34,1.88,3,NA,NA,16,0.0543,16,0.0528,16,0.0665,8,0.031,9,0.045
2016,12,400,Center,2,13.99,2.1,6,109,158,3,0.0081,11,0.0225,1,0.0049,7,0.0195,2,0.0115
2016,12,400,Center,3,27.36,5.07,6,197,297,21,0.0817,7,0.0445,14,0.0784,16,0.0891,22,0.1158
2016,12,400,Edge,1,39.84,6.98,7,332,264,24,0.0228,21,0.0622,10,0.0317,32,0.1431,8,0.0193
2016,12,400,Edge,2,28.81,2.34,10,235,376,1,0.004,4,0.0114,6,0.0285,5,0.0204,10,0.0284
2016,12,400,Edge,3,42.48,5.23,6,325,459,27,0.061,3,0.0152,12,0.0586,23,0.036,9,0.0134
2016,13,5,Center,1,16.29,5.1,6,179,112,24,0.0889,14,0.0415,26,0.0676,4,0.0234,24,0.1251
2016,13,5,Center,2,18.44,3.24,9,190,128,8,0.0284,8,0.0346,22,0.0564,12,0.0183,16,0.0229
2016,13,5,Center,3,26.34,7.07,10,297,174,14,0.0375,30,0.0699,33,0.0554,24,0.0742,31,0.0934
2016,13,5,Edge,1,20.79,10.61,8,200,82,10,0.0172,22,0.0992,28,0.1156,20,0.0819,18,0.0484
2016,13,5,Edge,2,9.06,4.01,4,97,58,16,0.0379,11,0.0481,8,0.0343,31,0.114,12,0.048
2016,13,5,Edge,3,25.35,13.28,7,231,95,18,0.0824,8,0.0458,24,0.1061,14,0.0698,30,0.1065
2016,13,100,Edge,1,16.46,4,5,171,171,7,0.0133,13,0.046,5,0.0283,21,0.0613,19,0.0475
2016,13,100,Edge,2,13.03,3.98,5,139,120,17,0.0597,6,0.0413,17,0.0661,3,0.0177,5,0.0294
2016,13,100,Edge,3,16.93,3.08,9,166,177,2,0.0103,2,0.0113,33,0.0996,5,0.0226,12,0.0236
2016,13,250,Edge,1,8.61,0.72,5,68,159,32,0.1126,1,0.0048,7,0.0164,3,0.0076,16,0.0693
2016,13,250,Edge,2,37.42,10.09,5,324,222,18,0.0626,4,0.0201,4,0.0114,11,0.0628,15,0.0359
2016,13,250,Edge,3,31.77,4.58,7,220,200,22,0.1095,14,0.0171,1,0.007,6,0.0179,12,0.0443
2016,13,400,Center,1,20.94,1.33,5,120,326,1,0.0014,8,0.0179,19,0.06,9,0.0297,2,0.0113
2016,13,400,Center,2,12.23,2.36,3,108,129,22,0.0785,1,0.0051,24,0.0902,19,0.0985,23,0.109
2016,13,400,Center,3,22.96,1.21,6,96,350,11,0.0426,1,0.0048,23,0.0592,6,0.0266,1,0.0049
2016,13,400,Edge,1,45.05,7.22,8,342,486,31,0.1029,3,0.0118,20,0.0656,16,0.0613,9,0.0485
2016,13,400,Edge,2,32.61,2.56,7,213,438,1,0.002,1,0.0044,1,0.0072,1,0.0028,11,0.039
2016,13,400,Edge,3,46.19,5.59,8,329,348,11,0.0502,15,0.0574,11,0.0344,4,0.0138,5,0.0151
2016,14,5,Center,1,22.21,1.19,7,165,237,1,0.0046,15,0.0635,17,0.0613,6,0.0229,13,0.048
2016,14,5,Center,2,10.73,1.37,5,88,123,1,0.0063,2,0.0108,2,0.0085,16,0.0809,9,0.0422
2016,14,5,Center,3,22.29,8.81,6,271,56,26,0.1342,29,0.1338,12,0.0486,2,0.0115,6,0.0242
2016,14,5,Edge,1,17.74,7.56,6,230,34,27,0.11,27,0.12,12,0.048,30,0.1312,9,0.0318
2016,14,5,Edge,2,35.72,13.08,8,408,100,27,0.124,12,0.0568,16,0.05,23,0.0815,25,0.1055
2016,14,5,Edge,3,45.4,19.1,8,648,51,15,0.0366,23,0.0765,3,0.0169,13,0.0574,28,0.078
2016,14,100,Edge,1,34.19,15.41,7,288,48,9,0.048,33,0.1037,25,0.077,22,0.0655,27,0.0822
2016,14,100,Edge,2,10.14,4.06,5,105,32,15,0.0671,15,0.0363,18,0.051,24,0.0743,25,0.0724
2016,14,100,Edge,3,18.44,9.16,9,180,32,24,0.0469,29,0.0761,24,0.0665,31,0.0864,28,0.0869
2016,14,250,Edge,1,5.92,0.58,3,29,96,8,0.0337,10,0.0483,23,0.0921,25,0.07725,2,0.0131
2016,14,250,Edge,2,15.28,0.92,5,68,132,4,0.0129,9,0.0382,6,0.0204,5,0.0066,1,0.0046
2016,14,250,Edge,3,12.03,1.77,4,90,80,23,0.0549,5,0.0237,3,0.0137,17,0.0816,15,0.0614
2016,14,400,Center,1,11.03,0.27,4,37,229,2,0.0118,2,0.0075,4,0.0179,17,0.0512,1,0.0043
2016,14,400,Center,2,14.64,0.36,5,75,209,38,0.0584,15,0.0279,3,0.0057,26,0.0375,1,0.0025
2016,14,400,Center,3,8.28,0.42,6,49,198,25,0.0696,8,0.0301,3,0.0068,8,0.0214,2,0.0066
2016,14,400,Edge,1,16.83,0.77,6,77,318,9,0.0111,8,0.0088,10,0.0478,2,0.0036,3,0.0126
2016,14,400,Edge,2,12.34,1.56,5,71,151,2,0.0137,4,0.0122,20,0.0632,13,0.0719,2,0.011
2016,14,400,Edge,3,4.54,0.16,5,17,80,5,0.0178,11,0.031,5,0.0117,15,0.0407,5,0.0211
2016,15,5,Center,1,20.25,5.96,9,245,111,6,0.0245,3,0.0141,13,0.0443,24,0.0676,9,0.0417
2016,15,5,Center,2,30.23,12.49,6,342,120,26,0.1086,21,0.0922,18,0.0769,7,0.0325,5,0.0245
2016,15,5,Center,3,45.51,17.63,9,545,78,4,0.0197,17,0.0554,5,0.0282,7,0.0297,2,0.012
2016,15,5,Edge,1,27.36,13.62,8,311,112,20,0.0533,24,0.092,6,0.0212,29,0.0878,27,0.1067
2016,15,5,Edge,2,18.94,10.16,7,292,65,20,0.0783,18,0.0557,20,0.0779,17,0.0509,4,0.0184
2016,15,5,Edge,3,10.75,4.87,6,140,77,28,0.1172,14,0.0569,22,0.0939,15,0.0366,16,0.059
2016,15,100,Edge,1,33.94,19.69,11,311,131,29,0.1238,20,0.0742,24,0.0923,27,0.0666,21,0.0655
2016,15,100,Edge,2,30.85,20.66,7,256,108,26,0.1274,34,0.1249,33,0.0143,19,0.101,22,0.1036
2016,15,100,Edge,3,34.46,19.75,7,371,126,29,0.1408,13,0.0487,26,0.0276,27,0.1331,12,0.0473
2016,15,250,Edge,1,39.93,18.74,7,387,172,23,0.0621,7,0.0331,25,0.0751,22,0.0753,28,0.097
2016,15,250,Edge,2,43.67,20.96,11,580,219,28,0.1181,25,0.0673,8,0.0254,22,0.0438,27,0.0871
2016,15,250,Edge,3,19.67,10.72,4,217,80,31,0.1136,9,0.0493,12,0.058,13,0.048,23,0.082
2016,15,400,Center,1,72.45,28.17,10,692,295,6,0.0221,24,0.0679,21,0.0822,21,0.0642,23,0.0644
2016,15,400,Center,2,87.24,33.41,12,831,313,28,0.0841,18,0.0489,17,0.0378,18,0.0183,22,0.1112
2016,15,400,Center,3,14.81,5.34,8,180,66,2,0.0114,13,0.0562,6,0.0316,7,0.0361,24,0.0861
2016,15,400,Edge,1,28.31,11.35,11,354,144,9,0.0353,28,0.1055,24,0.0436,24,0.0756,29,0.078
2016,15,400,Edge,2,44.18,19.05,7,479,170,27,0.0871,16,0.0843,24,0.1064,25,0.0983,20,0.0661
2016,15,400,Edge,3,20.49,8.34,6,237,98,5,0.0215,6,0.0277,15,0.0559,26,0.0936,14,0.0615
2016,16,5,Center,1,79.53,34.67,8,683,157,16,0.0761,30,0.1018,33,0.1663,25,0.1229,33,0.1382
2016,16,5,Center,2,39.15,17.35,7,335,37,22,0.0989,17,0.069,26,0.1377,6,0.0311,20,0.1121
2016,16,5,Center,3,108.72,42.78,9,1090,729,25,0.127,8,0.0364,18,0.0535,28,0.0771,5,0.0218
2016,16,5,Edge,1,27.4,14.4,8,231,208,29,0.1355,24,0.0584,27,0.1178,27,0.1338,29,0.1169
2016,16,5,Edge,2,83.06,39.94,6,752,276,16,0.076,30,0.1158,22,0.1139,34,0.1044,20,0.0876
2016,16,5,Edge,3,45.36,24.44,8,375,200,19,0.0723,19,0.0708,15,0.079,16,0.1008,30,0.1059
2016,16,100,Edge,1,65.54,34.56,6,685,373,25,0.0781,30,0.1093,16,0.0355,28,0.0761,19,0.0793
2016,16,100,Edge,2,96.27,46.63,8,951,34,30,0.0937,30,0.0608,32,0.098,30,0.0806,29,0.1054
2016,16,100,Edge,3,44.81,15.09,7,359,170,24,0.0684,18,0.0696,22,0.0643,22,0.0686,20,0.0403
2016,16,250,Edge,1,44.53,11.67,7,418,203,32,0.0638,4,0.0232,1,0.0061,10,0.0314,15,0.0333
2016,16,250,Edge,2,43.63,14.27,7,395,269,26,0.062,25,0.0529,22,0.0634,21,0.0643,17,0.0778
2016,16,250,Edge,3,33.08,8.42,9,372,251,29,0.1249,3,0.0195,23,0.0753,19,0.0442,25,0.1118
2016,16,400,Center,1,78.07,11.03,7,708,438,2,0.0066,9,0.046,4,0.0158,20,0.0296,2,0.0103
2016,16,400,Center,2,37.2,7.8,5,384,375,28,0.0943,17,0.0758,4,0.0215,7,0.0255,11,0.0362
2016,16,400,Center,3,43.02,5.68,9,420,371,7,0.0232,11,0.0552,21,0.0332,18,0.068,10,0.0341
2016,16,400,Edge,1,59.25,12.55,8,507,465,7,0.0254,12,0.0417,6,0.02,19,0.1049,7,0.0252
2016,16,400,Edge,2,35.72,16.48,5,406,165,14,0.078,13,0.0454,27,0.0997,13,0.033,26,0.118
2016,16,400,Edge,3,38.47,13.33,8,305,220,11,0.0591,2,0.0118,1,0.0061,32,0.1186,7,0.0293
2016,17,5,Center,1,26.26,5.55,9,270,201,15,0.0133,14,0.0527,24,0.0494,21,0.0451,25,0.0931
2016,17,5,Center,2,15.49,4.8,7,127,82,18,0.0584,8,0.0351,10,0.0541,8,0.038,26,0.0619
2016,17,5,Center,3,40.58,15.37,7,498,257,18,0.0736,24,0.0901,6,0.0232,14,0.0679,20,0.0889
2016,17,5,Edge,1,15.11,4.76,7,147,108,19,0.0772,3,0.0158,13,0.0163,21,0.078,22,0.0965
2016,17,5,Edge,2,30.87,12.4,5,326,128,4,0.0276,22,0.1012,16,0.0613,11,0.0482,20,0.0865
2016,17,5,Edge,3,47.32,17.62,9,480,243,6,0.0311,15,0.0745,4,0.0224,7,0.0393,11,0.0616
2016,17,100,Edge,1,17.68,8.47,5,176,72,23,0.0659,21,0.0815,20,0.0801,16,0.0572,19,0.0955
2016,17,100,Edge,2,113.61,46.7,11,1300,564,20,0.0812,10,0.0491,32,0.0776,10,0.0414,30,0.0935
2016,17,100,Edge,3,22.7,11.13,6,255,90,25,0.0396,14,0.0311,29,0.0624,26,0.0616,29,0.0657
2016,17,250,Edge,1,24.85,10.99,6,255,92,26,0.1123,23,0.0352,11,0.0517,29,0.1028,13,0.057
2016,17,250,Edge,2,49.91,15.43,9,479,311,NA,NA,NA,NA,NA,NA,NA,NA,NA,NA
2016,17,250,Edge,3,29.04,9.64,6,301,122,31,0.1198,13,0.0492,19,0.0602,32,0.1028,20,0.0758
2016,17,400,Center,1,61.75,19.73,9,647,259,10,0.0539,14,0.0702,21,0.0812,22,0.104,12,0.0346
2016,17,400,Center,2,95.42,31.61,9,863,399,3,0.0192,5,0.0291,15,0.0762,3,0.0161,26,0.1232
2016,17,400,Center,3,61.3,19.84,11,577,352,3,0.0086,8,0.0259,2,0.0091,14,0.0482,12,0.0703
2016,17,400,Edge,1,21.72,8.4,7,196,108,30,0.0711,11,0.0546,27,0.0842,31,0.1177,15,0.0363
2016,17,400,Edge,2,30.12,11.41,5,308,182,10,0.0383,2,0.0111,6,0.0205,27,0.087,23,0.0847
2016,17,400,Edge,3,85.98,28.96,10,898,506,7,0.0287,3,0.0171,27,0.0479,3,0.0171,5,0.0203
2016,18,5,Center,1,44.04,13.36,8,437,100,31,0.1194,21,0.0821,4,0.0139,25,0.0651,18,0.0906
2016,18,5,Center,2,40.96,16.34,8,441,65,18,0.071,28,0.0627,2,0.0077,26,0.0522,22,0.0893
2016,18,5,Center,3,79.15,27.25,9,804,130,22,0.0585,24,0.0869,7,0.0317,30,0.1699,10,0.0378
2016,18,5,Edge,1,21.76,10.94,8,228,36,28,0.0772,17,0.0894,13,0.0348,20,0.0655,28,0.0959
2016,18,5,Edge,2,38.8,18.6,7,523,54,28,0.0627,32,0.0813,14,0.0392,27,0.0595,20,0.0503
2016,18,5,Edge,3,37.79,18.81,6,374,29,24,0.0696,23,0.0543,28,0.0982,22,0.0752,24,0.0749
2016,18,100,Edge,1,36.85,9.15,8,398,81,30,0.0948,12,0.0204,23,0.0436,19,0.0393,19,0.062
2016,18,100,Edge,2,34.77,8.43,7,376,79,13,0.0332,29,0.1088,14,0.0595,12,0.0205,21,0.0482
2016,18,100,Edge,3,28.56,5.94,6,340,71,19,0.0504,28,0.0536,29,0.0687,5,0.0102,23,0.032
2016,18,250,Edge,1,29.76,10.44,8,284,32,3,0.0127,28,0.0677,21,0.0644,20,0.0801,25,0.0696
2016,18,250,Edge,2,5.51,3.09,3,59,7,27,0.1001,19,0.0748,29,0.0908,28,0.0648,29,0.0938
2016,18,250,Edge,3,17.12,7.38,4,172,37,25,0.1167,19,0.0546,31,0.1143,11,0.0585,25,0.0575
2016,18,400,Center,1,47.22,14.58,6,468,136,26,0.0904,19,0.0914,15,0.0888,3,0.0148,22,0.0734
2016,18,400,Center,2,54.36,8.54,7,517,208,32,0.068,19,0.0573,7,0.0133,16,0.0214,29,0.0982
2016,18,400,Center,3,25.28,5.52,6,272,145,4,0.0161,14,0.0613,24,0.1129,5,0.0242,2,0.0083
2016,18,400,Edge,1,61.89,20.71,8,716,167,19,0.0582,31,0.1449,9,0.0404,4,0.0193,26,0.0856
2016,18,400,Edge,2,50.43,18.17,8,481,102,16,0.0635,11,0.0422,3,0.0167,9,0.0425,9,0.0395
2016,18,400,Edge,3,9.78,2.22,3,83,28,27,0.0498,24,0.081,10,0.0245,7,0.0378,22,0.057
2016,19,5,Center,1,35.1,3.5,9,301,485,19,0.06,7,0.0355,14,0.0475,5,0.0117,4,0.0188
2016,19,5,Center,2,88.78,11.42,11,865,864,3,0.0048,31,0.1292,9,0.0511,6,0.0434,2,0.0039
2016,19,5,Center,3,16.79,4.41,8,196,134,12,0.0602,2,0.0067,5,0.0276,3,0.015,18,0.0713
2016,19,5,Edge,1,28.78,1.62,9,233,508,10,0.0324,3,0.0104,5,0.0227,9,0.0359,5,0.0224
2016,19,5,Edge,2,82.47,6.53,9,623,1171,4,0.0179,19,0.0677,22,0.0705,6,0.0338,2,0.0075
2016,19,5,Edge,3,43.99,5.21,9,362,610,17,0.0579,16,0.0641,13,0.0528,7,0.0367,4,0.0184
2016,19,100,Edge,1,17.04,5.06,8,203,96,18,0.0728,9,0.0247,18,0.0536,22,0.1017,2,0.009
2016,19,100,Edge,2,31.39,3.21,9,279,258,12,0.0665,15,0.0638,6,0.0233,16,0.0747,13,0.0752
2016,19,100,Edge,3,36.04,12.96,10,362,244,3,0.0148,14,0.0823,12,0.0424,25,0.0815,4,0.0138
2016,19,250,Edge,1,17.47,6.53,9,162,96,6,0.031,1,0.0066,24,0.1258,29,0.1692,20,0.0763
2016,19,250,Edge,2,46.79,16.91,11,448,246,17,0.0432,24,0.0949,11,0.0576,2,0.0108,4,0.0185
2016,19,250,Edge,3,10.91,3.89,8,149,66,6,0.0289,1,0.0051,19,0.0737,9,0.0385,5,0.0249
2016,19,400,Center,1,10.1,2.5,6,97,115,21,0.0973,17,0.0828,6,0.0268,4,0.0132,22,0.1012
2016,19,400,Center,2,16.22,3.58,9,167,102,1,0.0033,26,0.1309,10,0.0447,4,0.0206,1,0.0062
2016,19,400,Center,3,17.24,3.46,8,159,173,2,0.0131,20,0.055,9,0.0222,7,0.0305,2,0.0109
2016,19,400,Edge,1,15.25,3.35,9,145,155,3,0.0196,20,0.0616,24,0.1019,26,0.0739,5,0.0268
2016,19,400,Edge,2,38.95,12.85,8,345,172,18,0.0503,18,0.0535,8,0.0291,26,0.1,10,0.0313
2016,19,400,Edge,3,40.54,17.86,9,414,171,19,0.0485,1,0.0059,5,0.017,30,0.0744,7,0.0452
2016,20,5,Center,1,19.63,8.68,4,178,59,11,0.0624,7,0.0411,7,0.0325,17,0.0718,22,0.1134
2016,20,5,Center,2,24.22,11.64,7,227,81,34,0.1374,24,0.1325,22,0.1245,13,0.0698,33,0.1616
2016,20,5,Center,3,13.46,6.22,4,111,36,27,0.0781,31,0.0951,19,0.0936,19,0.1008,25,0.0708
2016,20,5,Edge,1,4.3,2.05,3,46,5,31,0.1079,6,0.0258,23,0.0728,11,0.0382,10,0.0408
2016,20,5,Edge,2,13.09,6.5,4,100,30,24,0.0655,28,0.1038,7,0.0317,28,0.0755,29,0.079
2016,20,5,Edge,3,21.87,11.66,8,181,71,19,0.0854,24,0.1088,30,0.0838,29,0.01349,33,0.1203
2016,20,100,Edge,1,25.12,12.27,6,241,52,29,0.0438,22,0.0556,16,0.0746,23,0.0915,31,0.0621
2016,20,100,Edge,2,20.3,8.97,3,175,53,21,0.0656,9,0.0492,25,0.1081,12,0.0725,21,0.1035
2016,20,100,Edge,3,40.74,17.98,10,407,120,4,0.0236,11,0.0572,3,0.0134,4,0.0196,10,0.0477
2016,20,250,Edge,1,12.6,3.8,3,130,67,22,0.1015,3,0.0168,4,0.015,16,0.0815,36,0.0781
2016,20,250,Edge,2,20.11,6.54,4,246,116,18,0.0398,11,0.0411,4,0.0149,24,0.0519,16,0.0443
2016,20,250,Edge,3,18.26,6.07,4,163,90,15,0.0323,22,0.0477,26,0.0735,14,0.0635,14,0.0447
2016,20,400,Center,1,22.43,5.44,5,189,134,8,0.0371,24,0.0899,20,0.0702,3,0.0087,3,0.0153
2016,20,400,Center,2,22.72,4.91,5,222,177,4,0.0294,1,0.0068,17,0.0793,2,0.0095,25,0.1428
2016,20,400,Center,3,20.15,4.85,4,197,150,3,0.0095,12,0.0587,10,0.045,2,0.0123,5,0.0277
2016,20,400,Edge,1,13.12,2.12,4,87,51,7,0.026,17,0.0654,27,0.0397,26,0.1062,33,0.067
2016,20,400,Edge,2,28.66,7.94,6,265,158,27,0.1291,9,0.0319,18,0.0874,27,0.1332,22,0.1205
2016,20,400,Edge,3,56.42,13.33,7,407,120,30,0.1083,29,0.077,12,0.0432,22,0.061,21,0.0906
2016,26,5,Center,1,14.73,6.67,7,186,58,31,0.0969,17,0.0623,7,0.029,8,0.04,2,0.0067
2016,26,5,Center,2,23.56,7.74,7,311,109,1,0.0031,25,0.0539,6,0.0297,5,0.0221,6,0.0241
2016,26,5,Center,3,19.85,7.85,6,262,138,8,0.0459,23,0.0966,5,0.0313,31,0.1692,4,0.0236
2016,26,5,Edge,1,8.57,3.83,4,113,33,3,0.0128,19,0.0664,26,0.0936,15,0.0671,14,0.0557
2016,26,5,Edge,2,21.25,10.45,8,219,62,22,0.0989,31,0.149,29,0.0928,29,0.0826,16,0.0739
2016,26,5,Edge,3,9.76,4.54,5,91,34,21,0.0759,34,0.01626,15,0.065,16,0.069,9,0.0283
2016,26,100,Edge,1,13.67,5.23,6,187,82,9,0.0358,18,0.087,15,0.0813,15,0.0543,NA,0.173
2016,26,100,Edge,2,12.22,5.08,6,119,48,19,0.0799,20,0.1165,25,0.136,19,0.1024,1,0.0059
2016,26,100,Edge,3,14.98,7.82,6,162,52,21,0.0707,24,0.0772,30,0.0904,11,0.0295,16,0.0493
2016,26,250,Edge,1,28.79,11.01,6,304,108,27,0.0765,26,0.081,29,0.0918,26,0.0646,24,0.0659
2016,26,250,Edge,2,35.08,17.52,7,444,186,21,0.0971,9,0.0332,4,0.0204,21,0.0758,4,0.0247
2016,26,250,Edge,3,39.94,17.26,7,60,141,13,0.0295,29,0.0751,26,0.1036,26,0.0527,19,0.0606
2016,26,400,Center,1,41.05,18.35,7,510,213,15,0.0649,8,0.0354,5,0.0287,11,0.0533,10,0.0553
2016,26,400,Center,2,19.1,6.9,6,207,64,6,0.0311,17,0.0673,17,0.0896,25,0.0955,6,0.0231
2016,26,400,Center,3,18.16,7.64,8,189,128,24,0.0972,27,0.1215,10,0.0596,29,0.1132,19,0.0696
2016,26,400,Edge,1,10.72,3.98,6,96,34,27,0.1372,4,0.0135,7,0.0335,15,0.0751,3,0.0117
2016,26,400,Edge,2,13.52,5.68,7,142,56,16,0.0705,25,0.1307,8,0.0463,15,0.0755,18,0.0706
2016,26,400,Edge,3,14.84,6.36,7,187,81,19,0.0814,21,0.065,8,0.0288,12,0.0623,25,0.1087
2016,27,5,Center,1,19.6,7.6,7,260,1,16,0.031,11,0.0425,10,0.0322,8,0.0283,26,0.0755
2016,27,5,Center,2,24.56,9.44,9,316,130,7,0.0332,13,0.0618,2,0.0116,27,0.0832,9,0.0319
2016,27,5,Center,3,17.16,5.84,7,235,93,21,0.0843,2,0.0089,11,0.032,8,0.0255,18,0.0417
2016,27,5,Edge,1,15.41,5.49,9,81,63,28,0.1103,27,0.0574,18,0.1629,35,0.1629,6,0.0232
2016,27,5,Edge,2,37.01,18.79,9,404,150,13,0.0433,24,0.031,11,0.0782,27,0.0782,20,0.0527
2016,27,5,Edge,3,14.97,5.33,9,111,34,32,0.0848,28,0.0588,22,0.0615,13,0.0615,23,0.0673
2016,27,100,Edge,1,19.89,10.61,8,280,96,29,0.0897,28,0.0943,9,0.044,26,0.094,29,0.1109
2016,27,100,Edge,2,22.16,10.34,9,259,77,30,0.0857,25,0.0503,12,0.066,16,0.066,15,0.0518
2016,27,100,Edge,3,8.52,3.48,10,118,72,12,0.0406,7,0.0288,12,0.0757,28,0.0757,8,0.0282
2016,27,250,Edge,1,20.41,9.89,7,213,71,17,0.0521,5,0.0171,32,0.1051,18,0.0523,23,0.0858
2016,27,250,Edge,2,24.81,13.89,7,221,17,22,0.0887,2,0.0077,30,0.1162,19,0.0557,27,0.0922
2016,27,250,Edge,3,10.59,5.51,5,126,NA,4,0.0217,23,0.0755,25,0.0711,23,0.0711,16,0.0598
2016,27,400,Center,1,28.2,12.9,NA,376,124,14,0.0592,12,0.0796,24,0.0247,5,0.0247,10,0.0442
2016,27,400,Center,2,16.35,7.65,5,227,39,13,0.0582,31,0.1154,2,0.0088,7,0.0376,8,0.0394
2016,27,400,Center,3,12,5.4,5,196,98,23,0.0912,14,0.0565,14,0.0346,8,0.0346,13,0.0352
2016,27,400,Edge,1,6.79,3.41,9,87,39,6,0.0175,16,0.1052,30,0.0409,13,0.0409,29,0.0804
2016,27,400,Edge,2,14.47,6.23,6,216,26,11,0.0437,23,0.0855,30,0.0356,9,0.0356,12,0.042
2016,27,400,Edge,3,17.87,7.93,8,207,81,7,0.0194,16,0.0471,20,0.0543,23,0.0543,34,0.0904
2016,28,5,Center,1,8.73,4.33,6,160,73,23,0.0526,15,0.0307,25,0.055,8,0.0177,15,0.0317
2016,28,5,Center,2,6.36,2.93,4,76,63,22,0.0684,23,0.0654,18,0.0585,25,0.0841,24,0.0514
2016,28,5,Center,3,8.37,4.27,5,150,116,11,0.0334,20,0.0368,22,0.0535,24,0.0661,10,0.0256
2016,28,5,Edge,1,13.76,6.19,8,147,91,5,0.0157,6,0.0175,22,0.0489,24,0.0364,24,0.0883
2016,28,5,Edge,2,30.6,16.13,9,361,174,29,0.0734,26,0.053,25,0.0608,23,0.0626,28,0.0894
2016,28,5,Edge,3,11.77,6.58,4,132,69,6,0.084,23,0.0678,21,0.0649,26,0.0739,10,0.0336
2016,28,100,Edge,1,7.88,3.33,4,92,52,15,0.0367,28,0.0606,27,0.0637,20,0.032,26,0.0779
2016,28,100,Edge,2,6.57,1.71,4,49,55,5,0.011,27,0.0567,26,0.0934,16,0.0274,26,0.0633
2016,28,100,Edge,3,17.86,9.1,5,212,93,16,0.0562,21,0.0622,17,0.0547,20,0.0755,22,0.0665
2016,28,250,Edge,1,12.18,4.47,5,161,70,26,0.0392,14,0.0457,27,0.0417,28,0.0473,19,0.0336
2016,28,250,Edge,2,10.28,5.65,5,121,70,20,0.0577,32,0.0627,29,0.0822,10,0.0359,32,0.0797
2016,28,250,Edge,3,9.74,2.96,5,87,84,6,0.0162,29,0.0754,17,0.0456,14,0.0363,25,0.0722
2016,28,400,Center,1,18.75,6.99,6,196,76,22,0.0654,6,0.0321,25,0.1009,9,0.0426,13,0.06
2016,28,400,Center,2,9.31,4.31,5,117,57,9,0.0497,7,0.0288,16,0.0385,26,0.1206,8,0.0462
2016,28,400,Center,3,6.77,3.17,5,106,50,23,0.0885,18,0.0726,14,0.0482,16,0.0764,7,0.0356
2016,28,400,Edge,1,18.28,8.97,5,182,53,7,0.0163,30,0.0817,33,0.0835,29,0.0888,10,0.0293
2016,28,400,Edge,2,9.31,4.58,4,99,38,27,0.0885,19,0.055,21,0.0685,19,0.0504,13,0.0385
2016,28,400,Edge,3,11.91,6.65,4,132,78,26,0.0615,24,0.0751,10,0.0313,22,0.0676,24,0.0744
2016,29,5,Center,1,19.64,10.01,7,255,49,27,0.0908,7,0.0221,27,0.0596,19,0.0495,29,0.0737
2016,29,5,Center,2,20.96,12.26,6,295,79,7,0.0169,15,0.0466,10,0.0414,9,0.0371,22,0.0634
2016,29,5,Center,3,16.25,7.51,5,175,71,10,0.0567,30,0.0742,33,0.1105,21,0.0726,16,0.0443
2016,29,5,Edge,1,6.13,3.28,3,82,13,15,0.0445,20,0.0678,26,0.0579,26,0.0821,29,0.0774
2016,29,5,Edge,2,6.52,2.49,5,61,10,15,0.0406,17,0.0559,10,0.0311,24,0.0705,26,0.0827
2016,29,5,Edge,3,25.27,11.14,7,264,98,22,0.0568,22,0.0287,15,0.0356,15,0.0405,24,0.0375
2016,29,100,Edge,1,25.5,11.1,4,238,112,37,0.163,16,0.0624,19,0.0828,19,0.0956,15,0.0752
2016,29,100,Edge,2,113.53,60.77,9,1410,535,17,0.0706,23,0.0444,29,0.0709,23,0.0455,30,0.0756
2016,29,100,Edge,3,10.73,4.88,5,138,61,16,0.0573,7,0.0235,17,0.0547,10,0.0399,15,0.0353
2016,29,250,Edge,1,18.4,6.16,6,170,99,23,0.068,3,0.0104,12,0.043,4,0.0188,33,0.075
2016,29,250,Edge,2,30.01,12.73,6,291,132,32,0.0759,31,0.0927,28,0.0617,32,0.0976,24,0.0775
2016,29,250,Edge,3,10.7,4.09,4,142,35,10,0.0338,20,0.031,23,0.0373,15,0.0217,30,0.0496
2016,29,400,Center,1,27.83,10.57,5,326,80,26,0.0868,8,0.0172,27,0.0633,31,0.1022,16,0.0443
2016,29,400,Center,2,22.09,8.64,6,185,43,20,0.0534,26,0.0751,24,0.0705,14,0.0574,28,0.1035
2016,29,400,Center,3,27.54,11.32,6,265,98,22,0.0532,19,0.0624,18,0.0744,12,0.0503,17,0.0654
2016,29,400,Edge,1,26.14,7.47,9,213,120,13,0.0516,32,0.0909,8,0.0366,26,0.0899,32,0.1121
2016,29,400,Edge,2,15.63,0.82,6,68,85,22,0.0094,24,0.009,9,0.0101,30,0.0557,38,0.0925
2016,29,400,Edge,3,26.98,6.3,6,205,140,20,0.0546,18,0.033,11,0.0242,4,0.02,12,0.0339
2016,30,5,Center,1,15.5,8,6,174,29,22,0.0551,20,0.0463,21,0.073,32,0.1136,22,0.0643
2016,30,5,Center,2,16.93,8.97,8,189,8,25,0.0872,19,0.0367,26,0.0899,24,0.0651,9,0.0196
2016,30,5,Center,3,6,2.1,5,69,5,26,0.0699,24,0.0566,10,0.0286,6,0.0139,24,0.0285
2016,30,5,Edge,1,7.51,2.19,4,70,7,25,0.0407,21,0.0568,7,0.022,24,0.0712,16,0.0423
2016,30,5,Edge,2,5.21,3.19,5,65,17,15,0.0519,24,0.0802,28,0.0831,29,0.0819,18,0.0361
2016,30,5,Edge,3,10.05,6.75,5,119,8,24,0.0768,16,0.0422,16,0.0448,26,0.0892,22,0.0609
2016,30,100,Edge,1,19.24,11.76,6,737,48,27,0.0757,26,0.0711,22,0.0684,13,0.0309,27,0.0645
2016,30,100,Edge,2,16.3,10.3,5,139,27,25,0.1076,25,0.1152,25,0.0943,13,0.0475,17,0.0778
2016,30,100,Edge,3,14.29,8.91,5,157,24,21,0.0475,10,0.0234,28,0.0706,22,0.049,8,0.0187
2016,30,250,Edge,1,20.75,12.85,8,145,18,29,0.0781,6,0.0178,26,0.0645,33,0.1122,3,0.007
2016,30,250,Edge,2,13.56,8.34,5,137,20,33,0.096,27,0.086,32,0.1108,29,0.0937,32,0.1052
2016,30,250,Edge,3,14.63,8.67,5,137,23,27,0.0864,29,0.0834,27,0.0852,6,0.0227,29,0.0995
2016,30,400,Center,1,12.15,9.75,6,218,77,17,0.0726,24,0.096,26,0.1331,25,0.0959,10,0.0451
2016,30,400,Center,2,27,15.7,7,264,63,21,0.0746,10,0.0371,14,0.0397,10,0.0281,15,0.0494
2016,30,400,Center,3,26.45,14.55,6,345,68,25,0.0839,10,0.0372,17,0.0705,22,0.0832,28,0.1066
2016,30,400,Edge,1,31.38,18.72,5,249,49,7,0.0304,27,0.0871,28,0.0935,9,0.047,30,0.1377
2016,30,400,Edge,2,21.6,10,7,149,22,25,0.1308,17,0.0432,30,0.157,9,0.0392,9,0.0368
2016,30,400,Edge,3,19.03,10.37,5,254,61,28,0.1094,22,0.0727,13,0.0453,24,0.0652,3,0.0143
